source,provenance,title,make_model,condition,price_eur,price_label,year,mileage_km,range_km,battery_kwh,efficiency_kwh_per_100_km,body_type,location,listing_url,image_url
willhaben,real,Leapmotor C10 Elektro 70kWh Design,Leapmotor C10,used,33990,€ 33.990 inkl. MwSt,2025,10,420,69.0,17.5,SUV / Geländewagen,7400 Burgenland,https://www.willhaben.at/iad/gebrauchtwagen/d/auto/leapmotor-c10-elektro-70kwh-design-1370499586/,
willhaben,real,Mercedes-Benz EQS 580 4MATIC,Mercedes-Benz EQS,used,82500,€ 82.500 inkl. MwSt,2023,33000,,,,Limousine,5760 Salzburg,https://www.willhaben.at/iad/gebrauchtwagen/d/auto/mercedes-benz-eqs-580-4matic-1008100548/,https://cache.willhaben.at/mmo/8/100/810/0548_119595961_hoved.jpg
willhaben,real,BYD Sealion 7 Excellence AWD 91.5 kWh 530PS LEASING...,BYD Sealion 7,new,50080,€ 50.080 inkl. MwSt,2026,10,570,82.0,16.6,SUV / Geländewagen,4481 Oberösterreich,https://www.willhaben.at/iad/gebrauchtwagen/d/auto/byd-sealion-7-excellence-awd-91-5-kwh-530ps-leasing-1307844109/,https://cache.willhaben.at/mmo/9/130/784/4109_-1857121502_n_hoved.jpg
willhaben,real,"Nissan Micra 52kWh Advance Aut. *ab € 28.990,-*",Nissan Micra,new,31490,€ 31.490 inkl. MwSt,2026,0,,,,Limousine,4040 Oberösterreich,https://www.willhaben.at/iad/gebrauchtwagen/d/auto/nissan-micra-52kwh-advance-aut-ab-28-990-905575318/,https://cache.willhaben.at/mmo/8/905/575/318_-1898849977_n_hoved.jpg
willhaben,real,Ford Puma E-Gen 43kWh Premium,Ford Puma,new,33990,€ 33.990 inkl. MwSt,2026,0,,,,SUV / Geländewagen,3580 Niederösterreich,https://www.willhaben.at/iad/gebrauchtwagen/d/auto/ford-puma-e-gen-43kwh-premium-2021482940/,https://cache.willhaben.at/mmo/0/202/148/2940_2053549431_hoved.jpg
willhaben,real,Opel Grandland Electric 73kWh AWD Ultimate,Opel Grandland,new,55245,€ 55.245 inkl. MwSt,2026,4,,,,SUV / Geländewagen,8280 Steiermark,https://www.willhaben.at/iad/gebrauchtwagen/d/auto/opel-grandland-electric-73kwh-awd-ultimate-902634274/,https://cache.willhaben.at/mmo/4/902/634/274_934861527_hoved.jpg
willhaben,real,Mercedes-Benz EQA 250 Aut.,Mercedes-Benz EQA,used,30950,€ 30.950 inkl. MwSt,2023,50700,560,70.0,15.7,SUV / Geländewagen,3300 Niederösterreich,https://www.willhaben.at/iad/gebrauchtwagen/d/auto/mercedes-benz-eqa-250-aut-1189449153/,https://cache.willhaben.at/mmo/3/118/944/9153_1791348355_n_hoved.jpg
willhaben,real,Frühlings Aktion Geco Buena U2 mit 4 Sitzplätze...,Sonstige Sonstige,new,7990,€ 7.990 inkl. MwSt,2026,0,,,,Mopedauto,8411 Steiermark,https://www.willhaben.at/iad/gebrauchtwagen/d/auto/fruehlings-aktion-geco-buena-u2-mit-4-sitzplaetze-2035134390/,https://cache.willhaben.at/mmo/0/203/513/4390_-390463173_n_hoved.jpg
willhaben,real,Ford Explorer Elektro 77kWh Premium,Ford Explorer,new,45900,€ 45.900 inkl. MwSt,2026,0,530,77.0,16.0,SUV / Geländewagen,3580 Niederösterreich,https://www.willhaben.at/iad/gebrauchtwagen/d/auto/ford-explorer-elektro-77kwh-premium-1334412061/,https://cache.willhaben.at/mmo/1/133/441/2061_-1667318100_n_hoved.jpg
willhaben,real,"Opel Rocks Edition Elektromotor 6 kW (8,2 PS)",Opel Rocks,used,7990,€ 7.990 inkl. MwSt,2026,4,,,,Mopedauto,8430 Steiermark,https://www.willhaben.at/iad/gebrauchtwagen/d/auto/opel-rocks-edition-elektromotor-6-kw-8-2-ps-1828846108/,https://cache.willhaben.at/mmo/8/182/884/6108_655608269_hoved.jpg
willhaben,real,VW ID.5 Pro Performance 150kW / 77kWh,VW ID.5,used,30900,€ 30.900 inkl. MwSt,2022,12400,,,,Limousine,2601 Niederösterreich,https://www.willhaben.at/iad/gebrauchtwagen/d/auto/vw-id-5-pro-performance-150kw-77kwh-1899094108/,https://cache.willhaben.at/mmo/8/189/909/4108_378400930_hoved.jpg
willhaben,real,Ford Explorer Elektro Dual Motor 79kWh Premium AWD* ...,Ford Explorer,used,47890,€ 47.890 inkl. MwSt,2026,5000,530,77.0,16.0,SUV / Geländewagen,1220 Wien,https://www.willhaben.at/iad/gebrauchtwagen/d/auto/ford-explorer-elektro-dual-motor-79kwh-premium-awd-1458810593/,https://cache.willhaben.at/mmo/3/145/881/0593_963831702_n_hoved.jpg
willhaben,real,Audi Q4 e-tron 45 quattro S-Line 82kWh Aut LED RADAR,Audi Q4,used,37290,€ 37.290 inkl. MwSt,2023,56721,520,77.0,16.6,SUV / Geländewagen,9220 Kärnten,https://www.willhaben.at/iad/gebrauchtwagen/d/auto/audi-q4-e-tron-45-quattro-s-line-82kwh-aut-led-radar-841117697/,
willhaben,real,VW ID.4 ID. 4 Pro / 77kWh...LED/Navi/SH,VW ID.4,used,30987,€ 30.987 inkl. MwSt,2022,34900,,,,Limousine,6410 Tirol,https://www.willhaben.at/iad/gebrauchtwagen/d/auto/vw-id-4-id-4-pro-77kwh-led-navi-sh-1827710061/,https://cache.willhaben.at/mmo/1/182/771/0061_129755537_n_hoved.jpg
willhaben,real,Peugeot e-2008 GT,Peugeot e-2008,used,17450,€ 17.450 inkl. MwSt,2021,72801,345,50.0,16.0,SUV / Geländewagen,6330 Tirol,https://www.willhaben.at/iad/gebrauchtwagen/d/auto/peugeot-e-2008-gt-2097551056/,https://cache.willhaben.at/mmo/6/209/755/1056_1262675316_n_hoved.jpg
willhaben,real,Polestar 3 Long Range Dual Motor mit Performance Paket,Polestar 3,used,75990,€ 75.990 inkl. MwSt,2025,5000,,,,SUV / Geländewagen,1220 Wien,https://www.willhaben.at/iad/gebrauchtwagen/d/auto/polestar-3-long-range-dual-motor-mit-performance-paket-1275052522/,https://cache.willhaben.at/mmo/2/127/505/2522_-749339395_n_hoved.jpg
willhaben,real,BMW iX xdrive 50,BMW iX,used,54000,€ 54.000 inkl. MwSt,2022,63500,440,65.0,16.8,SUV / Geländewagen,2201 Niederösterreich,https://www.willhaben.at/iad/gebrauchtwagen/d/auto/bmw-ix-xdrive-50-1605316343/,https://cache.willhaben.at/mmo/3/160/531/6343_425388759_n_hoved.jpg
willhaben,real,"KIA EV4 HB/GT-LINE/81,4KWH/AT/FWD/204/SD/MY26 (0,99%...",KIA EV4,new,47590,€ 47.590 inkl. MwSt,2026,7,625,81.0,13.9,Limousine,4870 Oberösterreich,https://www.willhaben.at/iad/gebrauchtwagen/d/auto/kia-ev4-hb-gt-line-81-4kwh-at-fwd-204-sd-my26-0-99-1754026435/,https://cache.willhaben.at/mmo/5/175/402/6435_1740364209_hoved.jpg
willhaben,real,"KIA EV4 HB FWD 81,4kWh GT-Line",KIA EV4,new,39990,€ 39.990 inkl. MwSt,2026,49,625,81.0,13.9,Limousine,3500 Niederösterreich,https://www.willhaben.at/iad/gebrauchtwagen/d/auto/kia-ev4-hb-fwd-81-4kwh-gt-line-1674368842/,https://cache.willhaben.at/mmo/2/167/436/8842_2734503_n_hoved.jpg
willhaben,real,Skoda Enyaq x 80x Suite 82kWh Aut MATRIX SKY 360-CAM,Skoda Enyaq,used,36290,€ 36.290 inkl. MwSt,2022,78255,545,82.0,16.1,SUV / Geländewagen,8143 Steiermark,https://www.willhaben.at/iad/gebrauchtwagen/d/auto/skoda-enyaq-x-80x-suite-82kwh-aut-matrix-sky-360-cam-1567932751/,
willhaben,real,Hyundai Ioniq 9 110kWh 4WD 7Stz. Calligraphy *Matrix*,Hyundai Ioniq 9,used,78490,€ 78.490 inkl. MwSt,2025,50,,,,SUV / Geländewagen,8280 Steiermark,https://www.willhaben.at/iad/gebrauchtwagen/d/auto/hyundai-ioniq-9-110kwh-4wd-7stz-calligraphy-matrix-1931841214/,https://cache.willhaben.at/mmo/4/193/184/1214_-1515475202_hoved.jpg
willhaben,real,"VW ID.3 ""STYLE PLUS"" 58 kWh *SPORTSITZE MIT MEMORY...",VW ID.3,used,22880,€ 22.880 inkl. MwSt,2022,52100,,,,Limousine,8200 Steiermark,https://www.willhaben.at/iad/gebrauchtwagen/d/auto/vw-id-3-style-plus-58-kwh-sportsitze-mit-memory-1088035302/,https://cache.willhaben.at/mmo/2/108/803/5302_2120869712_n_hoved.jpg
willhaben,real,Audi Q4 e-tron 35 SB S-Line 52kWh Aut LED LEDER NAVI,Audi Q4,used,29090,€ 29.090 inkl. MwSt,2023,82133,520,77.0,16.6,SUV / Geländewagen,8143 Steiermark,https://www.willhaben.at/iad/gebrauchtwagen/d/auto/audi-q4-e-tron-35-sb-s-line-52kwh-aut-led-leder-navi-1500168305/,
willhaben,real,Cupra Born 58/62 150kW/204PS,Cupra Born,used,30900,€ 30.900 inkl. MwSt,2023,25000,548,77.0,15.6,Klein-/ Kompaktwagen,7000 Burgenland,https://www.willhaben.at/iad/gebrauchtwagen/d/auto/cupra-born-58-62-150kw-204ps-1698219090/,https://cache.willhaben.at/mmo/0/169/821/9090_-832706009_hoved.jpg
willhaben,real,Audi Q4 e-tron 40 82kWh Aut. *WÄRMEPUMPE / VOLL LED ...,Audi Q4,used,29880,€ 29.880 inkl. MwSt,2022,94200,520,77.0,16.6,SUV / Geländewagen,8200 Steiermark,https://www.willhaben.at/iad/gebrauchtwagen/d/auto/audi-q4-e-tron-40-82kwh-aut-waermepumpe-voll-led-982464359/,https://cache.willhaben.at/mmo/9/982/464/359_1922689177_n_hoved.jpg
willhaben,real,Mercedes-Benz EQC 400 88kW 4x4 Aut. *MULTIBEAM LED / 19 ZOLL ...,Mercedes-Benz EQC,used,37880,€ 37.880 inkl. MwSt,2023,51900,414,80.0,22.0,SUV / Geländewagen,8200 Steiermark,https://www.willhaben.at/iad/gebrauchtwagen/d/auto/mercedes-benz-eqc-400-88kw-4x4-aut-multibeam-led-19-zoll-1372060444/,https://cache.willhaben.at/mmo/4/137/206/0444_2120869712_hoved.jpg
willhaben,real,Audi Q4 e-tron 35 SB S-Line 52kWh Aut LED LEDER NAVI,Audi Q4,used,29790,€ 29.790 inkl. MwSt,2023,55119,520,77.0,16.6,SUV / Geländewagen,8143 Steiermark,https://www.willhaben.at/iad/gebrauchtwagen/d/auto/audi-q4-e-tron-35-sb-s-line-52kwh-aut-led-leder-navi-937262000/,
willhaben,real,Skoda Enyaq 60 IV 62 kWh *19 ZOLL / VOLL-LED / NAVI /...,Skoda Enyaq,used,25880,€ 25.880 inkl. MwSt,2022,25700,545,82.0,16.1,SUV / Geländewagen,8200 Steiermark,https://www.willhaben.at/iad/gebrauchtwagen/d/auto/skoda-enyaq-60-iv-62-kwh-19-zoll-voll-led-navi-1622974768/,https://cache.willhaben.at/mmo/8/162/297/4768_1922689177_hoved.jpg
willhaben,real,Ford Mustang MACH-E 4x4 Aut. *MATRIX LED / 19 ZOLL /...,Ford Mustang,used,34880,€ 34.880 inkl. MwSt,2022,12300,600,91.0,16.5,SUV / Geländewagen,8200 Steiermark,https://www.willhaben.at/iad/gebrauchtwagen/d/auto/ford-mustang-mach-e-4x4-aut-matrix-led-19-zoll-842640160/,https://cache.willhaben.at/mmo/0/842/640/160_1922689177_n_hoved.jpg
willhaben,real,"BMW i4 Gran Coupe eDrive 40 M-Sport 80,7kWh Aut LED",BMW i4,used,38990,€ 38.990 inkl. MwSt,2023,61210,590,84.0,16.1,Limousine,8143 Steiermark,https://www.willhaben.at/iad/gebrauchtwagen/d/auto/bmw-i4-gran-coupe-edrive-40-m-sport-80-7kwh-aut-led-1574097632/,https://cache.willhaben.at/mmo/2/157/409/7632_-355545624_hoved.jpg
willhaben,real,MG MGS6 ALLRAD Akku.77 kWh Luxury-Ausstattung,MG MGS6,new,41490,€ 41.490 inkl. MwSt,2026,33,,,,SUV / Geländewagen,3631 Niederösterreich,https://www.willhaben.at/iad/gebrauchtwagen/d/auto/mg-mgs6-allrad-akku-77-kwh-luxury-ausstattung-1317393726/,https://cache.willhaben.at/mmo/6/131/739/3726_1611527873_n_hoved.jpg
willhaben,real,"KIA EV3 FWD 81,4kWh Long Range GT-Line/Schiebedach",KIA EV3,new,43990,€ 43.990 inkl. MwSt,2026,0,605,81.0,14.9,SUV / Geländewagen,2000 Niederösterreich,https://www.willhaben.at/iad/gebrauchtwagen/d/auto/kia-ev3-fwd-81-4kwh-long-range-gt-line-schiebedach-1108068295/,https://cache.willhaben.at/mmo/5/110/806/8295_1811005871_n_hoved.jpg
willhaben,real,Ford Mustang Mach-E Elektro 91kWh Extended Range Pre...,Ford Mustang Mach-E,used,36900,€ 36.900 inkl. MwSt,2023,36400,600,91.0,16.5,SUV / Geländewagen,4400 Oberösterreich,https://www.willhaben.at/iad/gebrauchtwagen/d/auto/ford-mustang-mach-e-elektro-91kwh-extended-range-pre-2133558267/,https://cache.willhaben.at/mmo/7/213/355/8267_-1833177580_n_hoved.jpg
willhaben,real,Abarth 500 Abarth 500e Turismo,Abarth 500,used,33880,€ 33.880 inkl. MwSt,2026,490,,,,Limousine,4800 Oberösterreich,https://www.willhaben.at/iad/gebrauchtwagen/d/auto/abarth-500-abarth-500e-turismo-1966637222/,https://cache.willhaben.at/mmo/2/196/663/7222_-497225648_n_hoved.jpg
willhaben,real,Fiat 500e 500 Elektro Icon 42 kWh / Tageszulassung,Fiat 500e,used,20990,€ 20.990 inkl. MwSt,2023,89,320,42.0,14.3,Limousine,2201 Niederösterreich,https://www.willhaben.at/iad/gebrauchtwagen/d/auto/fiat-500e-500-elektro-icon-42-kwh-tageszulassung-1347395547/,https://cache.willhaben.at/mmo/7/134/739/5547_-1945900688_hoved.jpg
willhaben,real,Hyundai Inster Smart Line 49kWh r5s42-P1/2-O1,Hyundai Inster,new,30850,€ 30.850 inkl. MwSt,2026,0,327,49.0,15.0,Limousine,2345 Niederösterreich,https://www.willhaben.at/iad/gebrauchtwagen/d/auto/hyundai-inster-smart-line-49kwh-r5s42-p1-2-o1-2027731705/,https://cache.willhaben.at/mmo/5/202/773/1705_-1657022626_n_hoved.jpg
willhaben,real,"BMW i4 e40 M Paket, Harman-Kardon",BMW i4,used,43500,€ 43.500 inkl. MwSt,2023,41700,590,84.0,16.1,Sportwagen / Coupé,3552 Niederösterreich,https://www.willhaben.at/iad/gebrauchtwagen/d/auto/bmw-i4-e40-m-paket-harman-kardon-1929696088/,https://cache.willhaben.at/mmo/8/192/969/6088_-1129846009_n_hoved.jpg
willhaben,real,Audi Q8 e-tron Sportback 55 quattro 106kWh Advanced ...,Audi Q8,used,58600,€ 58.600 inkl. MwSt,2023,14000,,,,SUV / Geländewagen,4040 Oberösterreich,https://www.willhaben.at/iad/gebrauchtwagen/d/auto/audi-q8-e-tron-sportback-55-quattro-106kwh-advanced-822882921/,https://cache.willhaben.at/mmo/1/822/882/921_-1007820342_hoved.jpg
willhaben,real,Volvo EX30 P5 Long Range Electric 69kWh Ultra,Volvo EX30,used,38990,€ 38.990 inkl. MwSt,2026,1000,480,69.0,16.5,SUV / Geländewagen,3430 Niederösterreich,https://www.willhaben.at/iad/gebrauchtwagen/d/auto/volvo-ex30-p5-long-range-electric-69kwh-ultra-864979233/,
willhaben,real,KIA e-Niro Niro EV 64kWh long Range Silber Aut. *unfallfrei*,KIA e-Niro,used,17990,€ 17.990 inkl. MwSt,2020,175100,,,,SUV / Geländewagen,4911 Oberösterreich,https://www.willhaben.at/iad/gebrauchtwagen/d/auto/kia-e-niro-niro-ev-64kwh-long-range-silber-aut-unfallfrei-1658357842/,https://cache.willhaben.at/mmo/2/165/835/7842_322433336_n_hoved.jpg
willhaben,real,Audi e-tron SB 55 quattro S-LINE BLACK *NP: € 119.48...,Audi e-tron,used,48880,€ 48.880 inkl. MwSt,2022,46400,440,95.0,24.0,SUV / Geländewagen,8200 Steiermark,https://www.willhaben.at/iad/gebrauchtwagen/d/auto/audi-e-tron-sb-55-quattro-s-line-black-np-119-48-787434346/,https://cache.willhaben.at/mmo/6/787/434/346_1152707701_n_hoved.jpg
willhaben,real,"Ford Mustang Mach-E PREMIUM 98,7kWh Aut. *SKY / 18 Z...",Ford Mustang,used,33880,€ 33.880 inkl. MwSt,2022,50200,600,91.0,16.5,SUV / Geländewagen,8200 Steiermark,https://www.willhaben.at/iad/gebrauchtwagen/d/auto/ford-mustang-mach-e-premium-98-7kwh-aut-sky-18-z-950428834/,https://cache.willhaben.at/mmo/4/950/428/834_472771136_n_hoved.jpg
willhaben,real,"BYD Dolphin Surf 43,2 kWh Boost Österreich Paket",BYD Dolphin Surf,new,24630,€ 24.630 inkl. MwSt,2026,15,427,60.0,15.9,Limousine,4782 Oberösterreich,https://www.willhaben.at/iad/gebrauchtwagen/d/auto/byd-dolphin-surf-43-2-kwh-boost-oesterreich-paket-1153624620/,https://cache.willhaben.at/mmo/0/115/362/4620_-1657930428_n_hoved.jpg
willhaben,real,BYD Sealion 7 Comfort 82.5 kWh **Lagerfahrzeug**,BYD Sealion 7,new,48580,€ 48.580 inkl. MwSt,2026,0,570,82.0,16.6,SUV / Geländewagen,4531 Oberösterreich,https://www.willhaben.at/iad/gebrauchtwagen/d/auto/byd-sealion-7-comfort-82-5-kwh-lagerfahrzeug-1657143163/,https://cache.willhaben.at/mmo/3/165/714/3163_-504960679_n_hoved.jpg
willhaben,real,Ford Tourneo E-Tourneo Courier Active,Ford Tourneo,new,31890,€ 31.890 inkl. MwSt,2026,0,,,,Kombi / Family Van,1220 Wien,https://www.willhaben.at/iad/gebrauchtwagen/d/auto/ford-tourneo-e-tourneo-courier-active-1363941128/,https://cache.willhaben.at/mmo/8/136/394/1128_-1257327744_n_hoved.jpg
willhaben,real,"BYD Dolphin Surf 43,2 kWh Boost Österreich Paket",BYD Dolphin Surf,new,23980,€ 23.980 inkl. MwSt,2026,0,427,60.0,15.9,Limousine,4614 Oberösterreich,https://www.willhaben.at/iad/gebrauchtwagen/d/auto/byd-dolphin-surf-43-2-kwh-boost-oesterreich-paket-816337111/,https://cache.willhaben.at/mmo/1/816/337/111_440598434_hoved.jpg
willhaben,real,Audi A6 Avant e-tron performance 2xS-LINE TRAUMEXTRAS,Audi A6,used,65790,€ 65.790 inkl. MwSt,2025,15950,700,100.0,15.0,Kombi / Family Van,1020 Wien,https://www.willhaben.at/iad/gebrauchtwagen/d/auto/audi-a6-avant-e-tron-performance-2xs-line-traumextras-782296493/,https://cache.willhaben.at/mmo/3/782/296/493_1275846987_n_hoved.jpg
willhaben,real,"Audi e-tron GT 93,4kWh quattro | SKY | Magnetic Ride",Audi e-tron GT,used,55989,€ 55.989 inkl. MwSt,2022,31000,440,95.0,24.0,Limousine,4212 Oberösterreich,https://www.willhaben.at/iad/gebrauchtwagen/d/auto/audi-e-tron-gt-93-4kwh-quattro-sky-magnetic-ride-993964439/,https://cache.willhaben.at/mmo/9/993/964/439_1128452899_n_hoved.jpg
willhaben,real,"KIA EV5 /GT-LINE/81,4KWH/AT/FWD/216/SD/MY26 AUTO STA...",KIA EV5,used,48990,€ 48.990 inkl. MwSt,2026,4000,530,81.0,17.0,Limousine,1210 Wien,https://www.willhaben.at/iad/gebrauchtwagen/d/auto/kia-ev5-gt-line-81-4kwh-at-fwd-216-sd-my26-auto-sta-2005699273/,https://cache.willhaben.at/mmo/3/200/569/9273_1836976567_n_hoved.jpg
willhaben,real,KIA EV6 AWD 84kWh Long Range GT-Line Premium Aut. 3...,KIA EV6,used,54990,€ 54.990 inkl. MwSt,2025,6800,528,84.0,16.5,Limousine,6971 Vorarlberg,https://www.willhaben.at/iad/gebrauchtwagen/d/auto/kia-ev6-awd-84kwh-long-range-gt-line-premium-aut-3-1875319355/,https://cache.willhaben.at/mmo/5/187/531/9355_-1728785059_n_hoved.jpg
autoscout24_at,real,Audi e-tron e-tron,Audi e-tron,used,21590,€ 21.590 inkl. MwSt,2020,79088,336,71.0,25.8,SUV,1020 Wien,https://www.autoscout24.at/angebote/audi-e-tron-50-quattro-advanced-71-kwh-aut-led-navi-elektro-schwarz-cat_ma9mo75259-57858633-62a9-45d9-9de8-a230b5aa962c,https://prod.pictures.autoscout24.net/listing-images/57858633-62a9-45d9-9de8-a230b5aa962c_fb99cdcc-3e61-43e7-a9e2-be0f630d1aea.jpg/250x188.webp
autoscout24_at,real,Hyundai IONIQ 6,Hyundai IONIQ 6,used,29450,€ 29.450 inkl. MwSt,2023,30422,614,77.4,13.9,Limousine,8430 Leibnitz,https://www.autoscout24.at/angebote/hyundai-ioniq-6-base-line-long-range-77-4-kwh-elektro-silber-cat_ma33mo76256-3123ad3e-c39a-4309-b329-9ffd1ee402d4,https://prod.pictures.autoscout24.net/listing-images/3123ad3e-c39a-4309-b329-9ffd1ee402d4_7715028b-5d3e-4a08-990e-42c454bc4051.jpg/250x188.webp
autoscout24_at,real,Kia EV3,Kia EV3,new,49990,€ 49.990 inkl. MwSt,2026,15,436,81.0,14.9,SUV,8051 Graz,https://www.autoscout24.at/angebote/kia-ev3-gt-line-long-range-schiebedach-winterraeder-elektro-schwarz-cat_ma39mo76880-2b7deae2-a903-4ad8-b7d9-eb7f5f1670bf,https://prod.pictures.autoscout24.net/listing-images/2b7deae2-a903-4ad8-b7d9-eb7f5f1670bf_98f3f20c-335a-4ea6-b613-1454ab2bafd0.jpg/250x188.webp
autoscout24_at,real,Audi e-tron e-tron,Audi e-tron,used,45880,€ 45.880 inkl. MwSt,2022,50300,440,95.0,24.0,SUV,8200 Gleisdorf - Hofstätten,https://www.autoscout24.at/angebote/audi-e-tron-sb-55-quattro-s-line-black-edition-np-e-106-401-matrix-led-21-zoll-memory-sportsitz-head-up-sportlenkrad-elektro-schwarz-cat_ma9mo75259-6031a92e-ea18-430c-b102-2abc20d5f67a,https://prod.pictures.autoscout24.net/listing-images/6031a92e-ea18-430c-b102-2abc20d5f67a_b3e00074-2ee2-43aa-98cc-51f05fb2fe7e.jpg/250x188.webp
autoscout24_at,real,Opel Combo Combo E Life,Opel Combo,used,19580,€ 19.580 inkl. MwSt,2023,45000,280,50.0,19.0,Van,8322 Studenzen,https://www.autoscout24.at/angebote/opel-combo-50-kwh-garantie-netto-16-317e-elektro-weiss-cat_ma54mo14825-b97abafa-81c6-4ccb-aa98-47c523d57c0b,https://prod.pictures.autoscout24.net/listing-images/b97abafa-81c6-4ccb-aa98-47c523d57c0b_339d38a1-7f03-47db-9039-cf1c23d1535c.jpg/250x188.webp
autoscout24_at,real,Hyundai Inster,Hyundai Inster,used,24690,€ 24.690 inkl. MwSt,2025,10,327,49.0,15.0,Kleinwagen,8051 Graz,https://www.autoscout24.at/angebote/hyundai-inster-smart-line-49kwh-elektro-gruen-cat_ma33mo76923-3087215b-6f29-4e12-805a-160b2fe6dfc5,https://prod.pictures.autoscout24.net/listing-images/3087215b-6f29-4e12-805a-160b2fe6dfc5_5e187a67-20fb-490d-a006-d017b1903621.jpg/250x188.webp
autoscout24_at,real,smart #1,smart #1,used,28990,€ 28.990 inkl. MwSt,2025,14000,310,66.0,16.8,SUV,3430 Tulln,https://www.autoscout24.at/angebote/smart-1-smart-1-200kw-pro+-elektro-silber-cat_ma15525mo76338-60a1fb1a-5eb2-49ca-a0f1-4b439a910dfe,https://prod.pictures.autoscout24.net/listing-images/60a1fb1a-5eb2-49ca-a0f1-4b439a910dfe_39a8e092-4227-4583-ac7f-304c4fb8d39b.jpg/250x188.webp
autoscout24_at,real,Audi e-tron e-tron,Audi e-tron,used,37880,€ 37.880 inkl. MwSt,2022,26100,440,95.0,24.0,SUV,8200 Gleisdorf,https://www.autoscout24.at/angebote/audi-e-tron-sb-50-quattro-s-line-black-edition-np-e-93-324-matrix-led-21-zoll-head-up-bang-olufsen-2-ter-ladezugang-elektro-schwarz-cat_ma9mo75259-c41d439f-e096-4148-b762-82d384576def,https://prod.pictures.autoscout24.net/listing-images/c41d439f-e096-4148-b762-82d384576def_1ff1222b-b53e-411b-ad0f-bfcf07733d23.jpg/250x188.webp
autoscout24_at,real,Kia EV4 EV4,Kia EV4,used,35490,€ 35.490 inkl. MwSt,2026,3000,625,81.4,13.9,Limousine,1220 Wien,https://www.autoscout24.at/angebote/kia-ev4-hb-earth-plus-81-4kwh-fwd-stahl-wien-22-elektro-schwarz-cat_ma39mo77724-480542d2-a313-4e63-9ce6-965f2700f7a6,https://prod.pictures.autoscout24.net/listing-images/480542d2-a313-4e63-9ce6-965f2700f7a6_b5e412ff-6143-40ee-bfc6-2e7a20299636.jpg/250x188.webp
autoscout24_at,real,Porsche Taycan Taycan,Porsche Taycan,used,79900,€ 79.900 inkl. MwSt,2020,64000,590,93.0,18.0,Limousine,6830 Rankweil,https://www.autoscout24.at/angebote/porsche-taycan-4s-plus-elektro-grau-cat_ma57mo75273-943f467e-e9c8-4f06-af0e-c16827ff99bf,https://prod.pictures.autoscout24.net/listing-images/943f467e-e9c8-4f06-af0e-c16827ff99bf_5a6c202c-d0e8-447f-ae4f-8827f3d4ab23.jpg/250x188.webp
autoscout24_at,real,Audi e-tron e-tron,Audi e-tron,used,36880,€ 36.880 inkl. MwSt,2022,33100,440,95.0,24.0,SUV,8200 Gleisdorf,https://www.autoscout24.at/angebote/audi-e-tron-sb-quattro-s-line-black-np-e-94-807-matrix-led-21-zoll-teilleder-memory-sportsitze-head-up-ass-paket-tour-elektro-weiss-cat_ma9mo75259-cc5d6232-ed59-4d0f-9c42-65df8281a79f,https://prod.pictures.autoscout24.net/listing-images/cc5d6232-ed59-4d0f-9c42-65df8281a79f_2406c2a7-6eaa-4555-9364-2a2ed1567cd6.jpg/250x188.webp
autoscout24_at,real,Volkswagen ID.7 ID.7,Volkswagen ID.7,used,37990,€ 37.990 inkl. MwSt,2023,51497,587,77.0,14.1,Limousine,9220 Lind ob Velden,https://www.autoscout24.at/angebote/volkswagen-id-7-pro-77kwh-aut-matrix-360-cam-head-up-radar-elektro-blau-cat_ma74mo76490-0354aacf-be69-411f-98fb-6e9e1206fc49,https://prod.pictures.autoscout24.net/listing-images/0354aacf-be69-411f-98fb-6e9e1206fc49_cac759d2-9055-456c-aa59-b5223de1a067.jpg/250x188.webp
autoscout24_at,real,Volkswagen ID.7 ID.7 GTX Tourer,Volkswagen ID.7,used,59900,€ 59.900 inkl. MwSt,2025,9500,615,86.0,14.5,Limousine,9400 Wolfsberg,https://www.autoscout24.at/angebote/volkswagen-id-7-tourer-gtx-4motion-250-kw-business-elektro-schwarz-cat_ma74mo76490-120e58d7-2c8e-4b4d-8aaa-23a306ceac73,https://prod.pictures.autoscout24.net/listing-images/120e58d7-2c8e-4b4d-8aaa-23a306ceac73_95169c54-2654-4d91-bd63-3c201b96e104.jpg/250x188.webp
autoscout24_at,real,Skoda Elroq Elroq,Skoda Elroq,used,46990,€ 46.990 inkl. MwSt,2026,5000,560,82.0,15.5,SUV,9010 Klagenfurt,https://www.autoscout24.at/angebote/skoda-elroq-85x-elektro-schwarz-cat_ma65mo76902-601e73f3-fa1c-463b-ab5c-f40cd8097117,https://prod.pictures.autoscout24.net/listing-images/601e73f3-fa1c-463b-ab5c-f40cd8097117_8697b612-a13a-451a-ba1b-aca88cbed7e0.jpg/250x188.webp
autoscout24_at,real,Kia EV3,Kia EV3,new,35850,€ 35.850 inkl. MwSt,2026,10,605,81.0,14.9,SUV,1220 Wien,https://www.autoscout24.at/angebote/kia-ev3-biz-81-4kwh-at-fwd-204-biz-my26-auto-stahl-w22-elektro-grau-cat_ma39mo76880-614fed5e-4a3d-44f4-ad7c-615a788eaecb,https://prod.pictures.autoscout24.net/listing-images/614fed5e-4a3d-44f4-ad7c-615a788eaecb_7a0478b7-a07a-4847-8c9e-83e49f34011e.jpg/250x188.webp
autoscout24_at,real,MINI Cooper SE 3-Türer,MINI Cooper SE,used,14590,€ 14.590 inkl. MwSt,2021,56942,234,32.0,15.9,Kleinwagen,1020 Wien,https://www.autoscout24.at/angebote/mini-cooper-se-32kwh-aut-led-navi-tempomat-digi-tacho-elektro-grau-cat_ma16338mo75456-0e5a36d6-4a23-4e28-841b-2a75108236b4,https://prod.pictures.autoscout24.net/listing-images/0e5a36d6-4a23-4e28-841b-2a75108236b4_a3ef113c-7fc3-4819-837d-29df11a20c73.jpg/250x188.webp
autoscout24_at,real,Kia EV2,Kia EV2,new,23790,€ 23.790 inkl. MwSt,2026,5,308,42.2,15.0,Kleinwagen,4240 Freistadt,https://www.autoscout24.at/angebote/kia-ev2-5s-fwd-42-2kwh-air-elektro-grau-cat_ma39mo79273-8f74590a-1c57-4ddc-9b61-8aaec2e0db67,https://prod.pictures.autoscout24.net/listing-images/8f74590a-1c57-4ddc-9b61-8aaec2e0db67_d489f048-7f59-4618-b31f-3d3a5d8689eb.jpg/250x188.webp
autoscout24_at,real,Ford Mustang Mach-E,Ford Mustang Mach-E,used,54490,€ 54.490 inkl. MwSt,2025,5720,600,99.0,16.5,SUV,1210 Wien,https://www.autoscout24.at/angebote/ford-mustang-mach-e-99kwh-extended-range-premium-elektro-weiss-cat_ma29mo75955-b4fde039-9bc6-4633-b913-b9200b1f0a57,https://prod.pictures.autoscout24.net/listing-images/b4fde039-9bc6-4633-b913-b9200b1f0a57_48c16d26-75c4-4ea0-9515-a98adab79a7b.jpg/250x188.webp
autoscout24_at,real,BMW iX3,BMW iX3,used,31490,€ 31.490 inkl. MwSt,2021,96448,460,74.0,18.5,SUV,8232 Grafendorf,https://www.autoscout24.at/angebote/bmw-ix3-impressive-impressive-elektro-schwarz-cat_ma13mo75603-d5a9c931-5296-4e20-a958-9b69b9d9c587,https://prod.pictures.autoscout24.net/listing-images/d5a9c931-5296-4e20-a958-9b69b9d9c587_84032c91-1434-48bc-8005-8e6f895d4ad5.jpg/250x188.webp
autoscout24_at,real,Audi e-tron e-tron,Audi e-tron,used,24980,€ 24.980 inkl. MwSt,2022,84500,337,95.0,24.0,SUV,4053 Haid,https://www.autoscout24.at/angebote/audi-e-tron-50-quattro-np-e75-000-elektro-schwarz-cat_ma9mo75259-9a8c7dbd-c1c9-4d77-a051-3d06cfa2e99c,https://prod.pictures.autoscout24.net/listing-images/9a8c7dbd-c1c9-4d77-a051-3d06cfa2e99c_f44bf835-1ba5-49e3-94a6-ce4640c442c4.jpg/250x188.webp
autoscout24_at,real,BYD Atto 2,BYD Atto 2,used,35130,€ 35.130 inkl. MwSt,2026,9000,312,64.8,15.5,SUV,5280 Braunau am Inn,https://www.autoscout24.at/angebote/byd-atto-2-atto2-64-8-kwh-comfort-oesterreich-paket-elektro-weiss-cat_ma16379mo77130-b7bfcc99-e0ba-455b-b32b-834676f780f2,https://prod.pictures.autoscout24.net/listing-images/b7bfcc99-e0ba-455b-b32b-834676f780f2_cea333ca-fda1-4671-9d5d-0953bb8841ee.jpg/250x188.webp
autoscout24_at,real,CUPRA Tavascan,CUPRA Tavascan,used,41670,€ 41.670 inkl. MwSt,2026,201,568,77.0,17.0,SUV-Coupé,3430 Tulln,https://www.autoscout24.at/angebote/cupra-tavascan-base-210kw-286ps-elektro-braun-cat_ma51802mo75544-08c6f0d1-58b5-4da0-aeae-c7a1a5ce183a,https://prod.pictures.autoscout24.net/listing-images/08c6f0d1-58b5-4da0-aeae-c7a1a5ce183a_1dfdee58-c55d-400d-80ec-48670e0ec01f.jpg/250x188.webp
autoscout24_at,real,Kia EV5,Kia EV5,used,52800,€ 52.800 inkl. MwSt,2026,3333,530,81.4,17.0,SUV,3631 Ottenschlag,https://www.autoscout24.at/angebote/kia-ev5-81-4kwh-akku-gt-line-elektro-weiss-cat_ma39mo77791-9906f308-4ec7-4e6d-a46f-fb11eddf5ccb,https://prod.pictures.autoscout24.net/listing-images/9906f308-4ec7-4e6d-a46f-fb11eddf5ccb_c27338ab-fbc0-469d-9c6f-7d3ed90cadd0.jpg/250x188.webp
autoscout24_at,real,Peugeot e-2008 2008 Elektro,Peugeot e-2008,used,18350,€ 18.350 inkl. MwSt,2021,74316,345,50.0,16.0,SUV,8430 Leibnitz,https://www.autoscout24.at/angebote/peugeot-e-2008-allure-pack-50kwh-elektro-orange-cat_ma55mo76031-d9efcba1-656d-427f-bb88-22dbb0543ab0,https://prod.pictures.autoscout24.net/listing-images/d9efcba1-656d-427f-bb88-22dbb0543ab0_8f15bcd8-7b4c-47d6-9841-b2e610cf545b.jpg/250x188.webp
autoscout24_at,real,CUPRA Born,CUPRA Born,used,26890,€ 26.890 inkl. MwSt,2024,26074,548,77.0,15.6,Kompakt,5400 Hallein,https://www.autoscout24.at/angebote/cupra-born-58-62-150kw-204ps-elektro-grau-cat_ma51802mo75976-30aab091-5123-44ed-a09b-d357967e2480,https://prod.pictures.autoscout24.net/listing-images/30aab091-5123-44ed-a09b-d357967e2480_3fd895b2-c750-4f1e-8c25-6e3078e97e1c.jpg/250x188.webp
autoscout24_at,real,BYD Seal U Seal U,BYD Seal U,used,42080,€ 42.080 inkl. MwSt,2026,0,500,82.0,16.6,Limousine,7121 Weiden am See,https://www.autoscout24.at/angebote/byd-seal-u-design-vorfuehrer-aktion-sofort-verfuegbar-elektro-grau-cat_ma16379mo76816-e2875ca5-9ba7-4f31-bd0a-944dfaf84b48,https://prod.pictures.autoscout24.net/listing-images/e2875ca5-9ba7-4f31-bd0a-944dfaf84b48_8b914ee1-ddca-4717-8abe-c345946b22e5.jpg/250x188.webp
autoscout24_at,real,Renault ZOE Zoe,Renault ZOE,used,8490,€ 8.490 inkl. MwSt,2019,43155,395,41.0,17.2,Kleinwagen,8160 Weiz,https://www.autoscout24.at/angebote/renault-zoe-r110-luna-41-kwh-batteriemiete-elektro-weiss-cat_ma60mo20228-091e5d3b-c6ea-4aa3-a007-b7349af53a6d,https://prod.pictures.autoscout24.net/listing-images/091e5d3b-c6ea-4aa3-a007-b7349af53a6d_1c410963-654c-4ef4-afa0-dff8087ca909.jpg/250x188.webp
autoscout24_at,real,BYD Atto 3,BYD Atto 3,new,33730,€ 33.730 inkl. MwSt,2026,0,420,60.0,16.6,SUV,7121 Weiden am See,https://www.autoscout24.at/angebote/byd-atto-3-my2025-comfort-neuwagen-aktion-lagernd-elektro-schwarz-cat_ma16379mo76436-34211cd4-a251-4cbe-b9e0-75263c4c4f87,https://prod.pictures.autoscout24.net/listing-images/34211cd4-a251-4cbe-b9e0-75263c4c4f87_260e41a7-3358-4975-8baf-617eeff6fa23.jpg/250x188.webp
autoscout24_at,real,BMW i4,BMW i4,used,35590,€ 35.590 inkl. MwSt,2024,26599,569,67.0,22.9,Gran Coupé,9220 Lind ob Velden,https://www.autoscout24.at/angebote/bmw-i4-gran-coupe-edrive35-67kwh-aut-led-navi-leder-elektro-rot-cat_ma13mo75941-7fb3814a-62a8-4c61-b84e-6a79ee98d693,https://prod.pictures.autoscout24.net/listing-images/7fb3814a-62a8-4c61-b84e-6a79ee98d693_c570d080-b220-4d46-82b1-dd6f7f7b68b6.jpg/250x188.webp
autoscout24_at,real,smart forTwo fortwo Coupe electric drive,smart forTwo,used,9990,€ 9.990 inkl. MwSt,2022,31000,133,17.0,16.5,Kleinwagen,1020 Wien,https://www.autoscout24.at/angebote/smart-fortwo-coupe-eq-18kwh-aut-tempomat-klima-radio-elektro-schwarz-cat_ma15525mo18439-6e0ff33b-f1c7-4b4c-84fd-e151c15de2ee,https://prod.pictures.autoscout24.net/listing-images/6e0ff33b-f1c7-4b4c-84fd-e151c15de2ee_7a3b0a32-261f-441d-ae66-7236266ba64b.jpg/250x188.webp
autoscout24_at,real,Kia EV6,Kia EV6,used,59900,€ 59.900 inkl. MwSt,2025,250,546,84.0,17.2,SUV-Coupé,8051 Graz,https://www.autoscout24.at/angebote/kia-ev6-gt-line-premium-84-kwh-long-range-4wd-head-up-elektro-schwarz-cat_ma39mo75945-4988e648-3884-407c-b38a-670b66b54f80,https://prod.pictures.autoscout24.net/listing-images/4988e648-3884-407c-b38a-670b66b54f80_79e68bff-23d5-4371-8552-b6986ecab75f.jpg/250x188.webp
autoscout24_at,real,smart #1,smart #1,used,41950,€ 41.950 inkl. MwSt,2025,10600,310,66.0,16.8,SUV,8051 Graz,https://www.autoscout24.at/angebote/smart-1-brabus-totw-pts-park-assist-cam-keyl-distr-elektro-silber-cat_ma15525mo76338-0f60041d-4544-40d9-a414-3ca16af02836,https://prod.pictures.autoscout24.net/listing-images/0f60041d-4544-40d9-a414-3ca16af02836_166e7b8c-c02f-4250-a4cc-a877310c15df.jpg/250x188.webp
autoscout24_at,real,Mercedes-Benz EQC 400,Mercedes-Benz EQC 400,used,36990,€ 36.990 inkl. MwSt,2021,30578,414,80.0,22.0,SUV,8232 Grafendorf,https://www.autoscout24.at/angebote/mercedes-benz-eqc-400-4matic-electric-art-edition-elektro-grau-cat_ma47mo75277-22522512-ac43-4ef0-92fc-2300a099fd31,https://prod.pictures.autoscout24.net/listing-images/22522512-ac43-4ef0-92fc-2300a099fd31_1878d44b-4b1f-4d14-b7dd-7d7d1fc2b880.jpg/250x188.webp
autoscout24_at,real,Hyundai IONIQ 6,Hyundai IONIQ 6,used,35480,€ 35.480 inkl. MwSt,2025,10,614,77.4,13.9,Limousine,5202 Neumarkt am Wallersee,https://www.autoscout24.at/angebote/hyundai-ioniq-6-plus-line-77-4-kwh-4wd-i65p3-p1-o4-elektro-grau-cat_ma33mo76256-eacdd829-7132-4f2a-9a88-99661927babd,https://prod.pictures.autoscout24.net/listing-images/eacdd829-7132-4f2a-9a88-99661927babd_4bc39bc8-d9f8-4c0e-89ad-174a3eeaba31.jpg/250x188.webp
autoscout24_at,real,Mazda MX-30,Mazda MX-30,used,13200,€ 13.200 inkl. MwSt,2020,42500,200,35.0,19.0,SUV,1160 Wien,https://www.autoscout24.at/angebote/mazda-mx-30-basis-elektro-grau-cat_ma46mo75491-4d69b653-3448-48ea-8ea1-83f2372341de,https://prod.pictures.autoscout24.net/listing-images/4d69b653-3448-48ea-8ea1-83f2372341de_3d6fd04b-f233-42b4-b9c1-6d06dc19eb93.jpg/250x188.webp
autoscout24_at,real,Ford Mustang Mach-E,Ford Mustang Mach-E,used,25900,€ 25.900 inkl. MwSt,2021,80000,400,91.0,16.5,SUV,8200 Gleisdorf,https://www.autoscout24.at/angebote/ford-mustang-mach-e-awd-standard-range-topausstattung-elektro-schwarz-cat_ma29mo75955-fabb3026-adfa-4a79-8666-4db275e3ff01,https://prod.pictures.autoscout24.net/listing-images/fabb3026-adfa-4a79-8666-4db275e3ff01_26147907-f7c1-41ad-82ac-135365713438.jpg/250x188.webp
autoscout24_at,real,Kia EV2,Kia EV2,used,27590,€ 27.590 inkl. MwSt,2026,2000,317,42.0,15.0,Kleinwagen,1220 Wien,https://www.autoscout24.at/angebote/kia-ev2-5s-earth-plus-42-2kwh-at-fwd-150-my27-auto-sta-elektro-grau-cat_ma39mo79273-7f87aee4-9de7-42dc-88f0-2033a670e54b,https://prod.pictures.autoscout24.net/listing-images/7f87aee4-9de7-42dc-88f0-2033a670e54b_75043d3c-99e1-4f58-bd1b-1c1e6c39f9b4.jpg/250x188.webp
autoscout24_at,real,Porsche Macan Macan,Porsche Macan,used,87990,€ 87.990 inkl. MwSt,2025,7500,613,95.0,18.0,SUV,6020 Innsbruck,https://www.autoscout24.at/angebote/porsche-macan-4-elektro-schwarz-cat_ma57mo20311-a52fa02f-66e3-484e-89da-260bf1c96bda,https://prod.pictures.autoscout24.net/listing-images/a52fa02f-66e3-484e-89da-260bf1c96bda_a22190c9-a38e-44ab-a3c5-566d669dbf07.jpg/250x188.webp
autoscout24_at,real,Mazda 6 Kombi,Mazda 6,new,42390,€ 42.390 inkl. MwSt,2026,10,552,80.0,16.0,Limousine,1210 Wien,https://www.autoscout24.at/angebote/mazda-6-mazda6-e-80kwh-longrange-takumi-plus-auto-sta-elektro-blau-cat_ma46mo18266-c60900e9-1858-4eeb-a3c0-620dc2b3a767,https://prod.pictures.autoscout24.net/listing-images/c60900e9-1858-4eeb-a3c0-620dc2b3a767_d8b614a8-ada9-4f06-b41f-0aa6dcc0b1bd.jpg/250x188.webp
autoscout24_at,real,Opel Corsa-e Corsa-e,Opel Corsa-e,used,17450,€ 17.450 inkl. MwSt,2021,9098,402,51.0,14.9,Kleinwagen,4782 St. Florian am Inn,https://www.autoscout24.at/angebote/opel-corsa-e-corsa-e-elegance-sitzh-led-navi-r-kam-elektro-rot-cat_ma54mo75994-ce01f36c-245b-4dff-9c0d-47357e4d78c3,https://prod.pictures.autoscout24.net/listing-images/ce01f36c-245b-4dff-9c0d-47357e4d78c3_e9af935d-c060-465f-8ded-38c5a63cee34.jpg/250x188.webp
autoscout24_at,real,Mercedes-Benz EQC 400,Mercedes-Benz EQC 400,used,32880,€ 32.880 inkl. MwSt,2021,95000,414,80.0,22.0,SUV,8322 Studenzen,https://www.autoscout24.at/angebote/mercedes-benz-eqc-400-4matic-multibeam-ahv-virt-c-garantie-elektro-schwarz-cat_ma47mo75277-3a3deaa7-2fc7-4837-b136-f739b3f372b1,https://prod.pictures.autoscout24.net/listing-images/3a3deaa7-2fc7-4837-b136-f739b3f372b1_4988fd3b-08b7-40a9-8a77-07a18f136334.jpg/250x188.webp
autoscout24_at,real,Audi Q6 e-tron e-tron,Audi Q6 e-tron,used,57490,€ 57.490 inkl. MwSt,2024,11000,625,95.0,16.0,SUV,3430 Tulln,https://www.autoscout24.at/angebote/audi-q6-e-tron-e-tron-performance-business-elektro-grau-cat_ma9mo76747-e0e452f9-b9bb-47df-a761-c489e7b42dbf,https://prod.pictures.autoscout24.net/listing-images/e0e452f9-b9bb-47df-a761-c489e7b42dbf_9c65a673-ed43-4300-bb31-8c486b9a85b5.jpg/250x188.webp
autoscout24_at,real,BMW i5 Touring,BMW i5,new,75890,€ 75.890 inkl. MwSt,2026,0,582,83.9,15.9,Limousine,2225 Zistersdorf,https://www.autoscout24.at/angebote/bmw-i5-xdrive40-83-9kwh-elektro-weiss-cat_ma13mo76505-742d2f20-8a12-4179-841a-0f9eaf3bda2e,https://prod.pictures.autoscout24.net/listing-images/742d2f20-8a12-4179-841a-0f9eaf3bda2e_1b5d320f-47bf-4d39-b3e4-fbfab902b3c8.jpg/250x188.webp
autoscout24_at,real,smart forTwo fortwo Cabrio electric drive,smart forTwo,used,13330,€ 13.330 inkl. MwSt,2020,15000,130,17.0,16.5,Kleinwagen,4664 Oberweis,https://www.autoscout24.at/angebote/smart-fortwo-fortwo-cabrio-eq-passion-sitzhzg-klimaaut-led-elektro-weiss-cat_ma15525mo18439-4d29bc4a-61ca-44b0-b579-3aef6e967b1b,https://prod.pictures.autoscout24.net/listing-images/4d29bc4a-61ca-44b0-b579-3aef6e967b1b_88927bde-7a65-4a45-b8b9-a15549ed5f98.jpg/250x188.webp
autoscout24_at,real,Citroen C3 Aircross C3 Aircross e-Aircross,Citroen C3 Aircross,used,24990,€ 24.990 inkl. MwSt,2025,2000,300,44.0,16.0,SUV,2700 Wiener Neustadt,https://www.autoscout24.at/angebote/citroen-c3-aircross-e-c3-aircross-113-44kwh-max-elektro-rot-cat_ma21mo74804-d3329048-3713-44cf-8834-09cb58ebf508,https://prod.pictures.autoscout24.net/listing-images/d3329048-3713-44cf-8834-09cb58ebf508_5076282a-9643-4630-b23c-3e19129156bc.jpg/250x188.webp
autoscout24_at,real,Hyundai Inster,Hyundai Inster,new,27450,€ 27.450 inkl. MwSt,2026,10,327,49.0,15.0,Kleinwagen,5081 Anif,https://www.autoscout24.at/angebote/hyundai-inster-inster-trend-line-49kwh-r5t52-p3-o1-elektro-weiss-cat_ma33mo76923-84f58e0b-655b-4f3b-a919-22584c72c8c7,https://prod.pictures.autoscout24.net/listing-images/84f58e0b-655b-4f3b-a919-22584c72c8c7_cdc0e3eb-7215-4c30-98b4-73d41fb54513.jpg/250x188.webp
autoscout24_at,real,Porsche Macan Macan,Porsche Macan,used,79900,€ 79.900 inkl. MwSt,2025,16700,613,95.0,18.0,SUV,1230 Wien,https://www.autoscout24.at/angebote/porsche-macan-elektro-schwarz-cat_ma57mo20311-7ed2a231-7f88-4d6d-9840-c01a1565805f,https://prod.pictures.autoscout24.net/listing-images/7ed2a231-7f88-4d6d-9840-c01a1565805f_7e7bd985-4fc9-4f71-8fe3-d271c29db6a9.png/250x188.webp
autoscout24_at,real,Kia EV3,Kia EV3,new,42740,€ 42.740 inkl. MwSt,2026,18,603,81.4,14.9,SUV,8051 Graz,https://www.autoscout24.at/angebote/kia-ev3-earth-81-4-kwh-wapu-led-sitz-lenkradheiz-elektro-schwarz-cat_ma39mo76880-2c2a7a7e-d3db-4d0e-9331-684e531e0a75,https://prod.pictures.autoscout24.net/listing-images/2c2a7a7e-d3db-4d0e-9331-684e531e0a75_4f48ebf6-e900-4f6c-9d31-58c264c87196.jpg/250x188.webp
autoscout24_at,real,Mercedes-Benz EQE 43 EQE AMG,Mercedes-Benz EQE 43,used,53490,€ 53.490 inkl. MwSt,2022,16880,639,89.0,15.9,Limousine,8530 Deutschlandsberg,https://www.autoscout24.at/angebote/mercedes-benz-eqe-43-4matic-amg-line-exterieur-interieur-elektro-grau-cat_ma47mo76228-7fe91cae-53c7-4791-9189-86a6ea609ef2,https://prod.pictures.autoscout24.net/listing-images/7fe91cae-53c7-4791-9189-86a6ea609ef2_391d2ad6-994f-4939-92b7-bd8e0c8f9e5c.jpg/250x188.webp
autoscout24_at,real,BMW i3,BMW i3,used,20090,€ 20.090 inkl. MwSt,2021,33556,285,42.0,16.3,Kleinwagen,1140 Wien,https://www.autoscout24.at/angebote/bmw-i3-i3s-elektro-blau-cat_ma13mo20319-8e8693e6-72fa-4a7b-9032-b3565d6f43c8,https://prod.pictures.autoscout24.net/listing-images/8e8693e6-72fa-4a7b-9032-b3565d6f43c8_e20de752-ce7a-480d-9ff4-483b6fa21431.jpg/250x188.webp
gebrauchtwagen_at,real,Audi e-tron e-tron,Audi e-tron,used,21590,€ 21.590 inkl. MwSt,2020,79088,336,71.0,25.8,SUV,1020 Wien,https://www.gebrauchtwagen.at/fahrzeuge/audi-e-tron-50-quattro-advanced-71-kwh-aut-led-navi-elektro-schwarz-cat_ma9mo75259/57858633-62a9-45d9-9de8-a230b5aa962c,https://prod.pictures.autoscout24.net/listing-images/57858633-62a9-45d9-9de8-a230b5aa962c_fb99cdcc-3e61-43e7-a9e2-be0f630d1aea.jpg/250x188.webp
gebrauchtwagen_at,real,Ford Mustang Mach-E,Ford Mustang Mach-E,used,54490,€ 54.490 inkl. MwSt,2025,5720,600,99.0,16.5,SUV,1210 Wien,https://www.gebrauchtwagen.at/fahrzeuge/ford-mustang-mach-e-99kwh-extended-range-premium-elektro-weiss-cat_ma29mo75955/b4fde039-9bc6-4633-b913-b9200b1f0a57,https://prod.pictures.autoscout24.net/listing-images/b4fde039-9bc6-4633-b913-b9200b1f0a57_48c16d26-75c4-4ea0-9515-a98adab79a7b.jpg/250x188.webp
gebrauchtwagen_at,real,Hyundai Inster,Hyundai Inster,new,27750,€ 27.750 inkl. MwSt,2026,10,327,49.0,15.0,Kleinwagen,5081 Anif,https://www.gebrauchtwagen.at/fahrzeuge/hyundai-inster-inster-trend-line-49kwh-r5t52-p3-o1-elektro-gruen-cat_ma33mo76923/b660d8d0-96f5-49a0-96d2-96a70198b611,https://prod.pictures.autoscout24.net/listing-images/b660d8d0-96f5-49a0-96d2-96a70198b611_4374c975-da69-453e-b2da-d249894867e2.jpg/250x188.webp
gebrauchtwagen_at,real,CUPRA Tavascan,CUPRA Tavascan,used,41670,€ 41.670 inkl. MwSt,2026,201,568,77.0,17.0,SUV-Coupé,3430 Tulln,https://www.gebrauchtwagen.at/fahrzeuge/cupra-tavascan-base-210kw-286ps-elektro-braun-cat_ma51802mo75544/08c6f0d1-58b5-4da0-aeae-c7a1a5ce183a,https://prod.pictures.autoscout24.net/listing-images/08c6f0d1-58b5-4da0-aeae-c7a1a5ce183a_1dfdee58-c55d-400d-80ec-48670e0ec01f.jpg/250x188.webp
gebrauchtwagen_at,real,Volkswagen ID.7 ID.7 GTX Tourer,Volkswagen ID.7,used,59900,€ 59.900 inkl. MwSt,2025,9500,615,86.0,14.5,Limousine,9400 Wolfsberg,https://www.gebrauchtwagen.at/fahrzeuge/volkswagen-id-7-tourer-gtx-4motion-250-kw-business-elektro-schwarz-cat_ma74mo76490/120e58d7-2c8e-4b4d-8aaa-23a306ceac73,https://prod.pictures.autoscout24.net/listing-images/120e58d7-2c8e-4b4d-8aaa-23a306ceac73_95169c54-2654-4d91-bd63-3c201b96e104.jpg/250x188.webp
gebrauchtwagen_at,real,Audi e-tron e-tron,Audi e-tron,used,37880,€ 37.880 inkl. MwSt,2022,26100,440,95.0,24.0,SUV,8200 Gleisdorf,https://www.gebrauchtwagen.at/fahrzeuge/audi-e-tron-sb-50-quattro-s-line-black-edition-np-e-93-324-matrix-led-21-zoll-head-up-bang-olufsen-2-ter-ladezugang-elektro-schwarz-cat_ma9mo75259/c41d439f-e096-4148-b762-82d384576def,https://prod.pictures.autoscout24.net/listing-images/c41d439f-e096-4148-b762-82d384576def_1ff1222b-b53e-411b-ad0f-bfcf07733d23.jpg/250x188.webp
gebrauchtwagen_at,real,BYD Atto 2,BYD Atto 2,used,35130,€ 35.130 inkl. MwSt,2026,9000,312,64.8,15.5,SUV,5280 Braunau am Inn,https://www.gebrauchtwagen.at/fahrzeuge/byd-atto-2-atto2-64-8-kwh-comfort-oesterreich-paket-elektro-weiss-cat_ma16379mo77130/b7bfcc99-e0ba-455b-b32b-834676f780f2,https://prod.pictures.autoscout24.net/listing-images/b7bfcc99-e0ba-455b-b32b-834676f780f2_cea333ca-fda1-4671-9d5d-0953bb8841ee.jpg/250x188.webp
gebrauchtwagen_at,real,Mercedes-Benz EQE 43 EQE AMG,Mercedes-Benz EQE 43,used,53490,€ 53.490 inkl. MwSt,2022,16880,639,89.0,15.9,Limousine,8530 Deutschlandsberg,https://www.gebrauchtwagen.at/fahrzeuge/mercedes-benz-eqe-43-4matic-amg-line-exterieur-interieur-elektro-grau-cat_ma47mo76228/7fe91cae-53c7-4791-9189-86a6ea609ef2,https://prod.pictures.autoscout24.net/listing-images/7fe91cae-53c7-4791-9189-86a6ea609ef2_391d2ad6-994f-4939-92b7-bd8e0c8f9e5c.jpg/250x188.webp
gebrauchtwagen_at,real,Kia EV2,Kia EV2,used,27590,€ 27.590 inkl. MwSt,2026,2000,317,42.0,15.0,Kleinwagen,1220 Wien,https://www.gebrauchtwagen.at/fahrzeuge/kia-ev2-5s-earth-plus-42-2kwh-at-fwd-150-my27-auto-sta-elektro-grau-cat_ma39mo79273/7f87aee4-9de7-42dc-88f0-2033a670e54b,https://prod.pictures.autoscout24.net/listing-images/7f87aee4-9de7-42dc-88f0-2033a670e54b_75043d3c-99e1-4f58-bd1b-1c1e6c39f9b4.jpg/250x188.webp
gebrauchtwagen_at,real,Skoda Enyaq Enyaq,Skoda Enyaq,used,22480,€ 22.480 inkl. MwSt,2023,19332,545,82.0,16.1,SUV,1230 Wien,https://www.gebrauchtwagen.at/fahrzeuge/skoda-enyaq-50-at-elektro-blau-cat_ma65mo75750/00571db6-4c1b-45aa-bba7-2f475b2909ab,https://prod.pictures.autoscout24.net/listing-images/00571db6-4c1b-45aa-bba7-2f475b2909ab_64c27d7e-8f25-4f3a-9df8-b541f5be9497.jpg/250x188.webp
gebrauchtwagen_at,real,Kia EV3,Kia EV3,new,35850,€ 35.850 inkl. MwSt,2026,10,605,81.0,14.9,SUV,1220 Wien,https://www.gebrauchtwagen.at/fahrzeuge/kia-ev3-biz-81-4kwh-at-fwd-204-biz-my26-auto-stahl-w22-elektro-grau-cat_ma39mo76880/614fed5e-4a3d-44f4-ad7c-615a788eaecb,https://prod.pictures.autoscout24.net/listing-images/614fed5e-4a3d-44f4-ad7c-615a788eaecb_7a0478b7-a07a-4847-8c9e-83e49f34011e.jpg/250x188.webp
gebrauchtwagen_at,real,Hyundai KONA Kona,Hyundai KONA,new,41460,€ 41.460 inkl. MwSt,2026,10,484,64.8,14.7,SUV,5081 Anif,https://www.gebrauchtwagen.at/fahrzeuge/hyundai-kona-ev-sx2-n-line-64-8-kwh-k7el2-o22-elektro-weiss-cat_ma33mo74663/cab14c6c-46ca-476c-95af-3b51f38182ef,https://prod.pictures.autoscout24.net/listing-images/cab14c6c-46ca-476c-95af-3b51f38182ef_6ed92278-910f-4b29-9fac-6b39503b02e6.jpg/250x188.webp
gebrauchtwagen_at,real,Hyundai Inster,Hyundai Inster,used,22590,€ 22.590 inkl. MwSt,2025,10081,293,49.0,14.9,Kleinwagen,1030 Wien,https://www.gebrauchtwagen.at/fahrzeuge/hyundai-inster-electric-drive-85-kw-smart-line-elektro-weiss-cat_ma33mo76923/e0ee4dd9-efea-4dcf-b51f-ff2b35479bdf,https://prod.pictures.autoscout24.net/listing-images/e0ee4dd9-efea-4dcf-b51f-ff2b35479bdf_60fec292-c6b1-4c67-8e95-8c16aa3dfd40.jpg/250x188.webp
gebrauchtwagen_at,real,BMW i5 Touring,BMW i5,new,75890,€ 75.890 inkl. MwSt,2026,0,582,83.9,15.9,Limousine,2225 Zistersdorf,https://www.gebrauchtwagen.at/fahrzeuge/bmw-i5-xdrive40-83-9kwh-elektro-weiss-cat_ma13mo76505/742d2f20-8a12-4179-841a-0f9eaf3bda2e,https://prod.pictures.autoscout24.net/listing-images/742d2f20-8a12-4179-841a-0f9eaf3bda2e_1b5d320f-47bf-4d39-b3e4-fbfab902b3c8.jpg/250x188.webp
gebrauchtwagen_at,real,Renault ZOE Zoe,Renault ZOE,used,8490,€ 8.490 inkl. MwSt,2019,43155,395,41.0,17.2,Kleinwagen,8160 Weiz,https://www.gebrauchtwagen.at/fahrzeuge/renault-zoe-r110-luna-41-kwh-batteriemiete-elektro-weiss-cat_ma60mo20228/091e5d3b-c6ea-4aa3-a007-b7349af53a6d,https://prod.pictures.autoscout24.net/listing-images/091e5d3b-c6ea-4aa3-a007-b7349af53a6d_1c410963-654c-4ef4-afa0-dff8087ca909.jpg/250x188.webp
gebrauchtwagen_at,real,Opel Astra Astra Sports Tourer,Opel Astra,new,45160,€ 45.160 inkl. MwSt,2026,0,,,,,4470 Enns,https://www.gebrauchtwagen.at/fahrzeuge/opel-astra-gs-line-elektro-schwarz-cat_ma54mo1916/c914c79d-306a-46bb-8c9e-3643c5e8133c,https://prod.pictures.autoscout24.net/listing-images/c914c79d-306a-46bb-8c9e-3643c5e8133c_05c8c649-ecc7-42b1-9acb-0196f92c6171.jpg/250x188.webp
gebrauchtwagen_at,real,MINI Cooper SE 3-Türer,MINI Cooper SE,used,14590,€ 14.590 inkl. MwSt,2021,56942,234,32.0,15.9,Kleinwagen,1020 Wien,https://www.gebrauchtwagen.at/fahrzeuge/mini-cooper-se-32kwh-aut-led-navi-tempomat-digi-tacho-elektro-grau-cat_ma16338mo75456/0e5a36d6-4a23-4e28-841b-2a75108236b4,https://prod.pictures.autoscout24.net/listing-images/0e5a36d6-4a23-4e28-841b-2a75108236b4_a3ef113c-7fc3-4819-837d-29df11a20c73.jpg/250x188.webp
gebrauchtwagen_at,real,Citroen C3 Aircross C3 Aircross e-Aircross,Citroen C3 Aircross,used,24990,€ 24.990 inkl. MwSt,2025,2000,300,44.0,16.0,SUV,2700 Wiener Neustadt,https://www.gebrauchtwagen.at/fahrzeuge/citroen-c3-aircross-e-c3-aircross-113-44kwh-max-elektro-rot-cat_ma21mo74804/d3329048-3713-44cf-8834-09cb58ebf508,https://prod.pictures.autoscout24.net/listing-images/d3329048-3713-44cf-8834-09cb58ebf508_5076282a-9643-4630-b23c-3e19129156bc.jpg/250x188.webp
gebrauchtwagen_at,real,Skoda Elroq Elroq,Skoda Elroq,used,46990,€ 46.990 inkl. MwSt,2026,5000,560,82.0,15.5,SUV,9010 Klagenfurt,https://www.gebrauchtwagen.at/fahrzeuge/skoda-elroq-85x-elektro-schwarz-cat_ma65mo76902/601e73f3-fa1c-463b-ab5c-f40cd8097117,https://prod.pictures.autoscout24.net/listing-images/601e73f3-fa1c-463b-ab5c-f40cd8097117_8697b612-a13a-451a-ba1b-aca88cbed7e0.jpg/250x188.webp
gebrauchtwagen_at,real,Mazda 6 Kombi,Mazda 6,new,42390,€ 42.390 inkl. MwSt,2026,10,552,80.0,16.0,Limousine,1210 Wien,https://www.gebrauchtwagen.at/fahrzeuge/mazda-6-mazda6-e-80kwh-longrange-takumi-plus-auto-sta-elektro-blau-cat_ma46mo18266/c60900e9-1858-4eeb-a3c0-620dc2b3a767,https://prod.pictures.autoscout24.net/listing-images/c60900e9-1858-4eeb-a3c0-620dc2b3a767_d8b614a8-ada9-4f06-b41f-0aa6dcc0b1bd.jpg/250x188.webp
gebrauchtwagen_at,real,Audi e-tron e-tron,Audi e-tron,used,24980,€ 24.980 inkl. MwSt,2022,84500,337,95.0,24.0,SUV,4053 Haid,https://www.gebrauchtwagen.at/fahrzeuge/audi-e-tron-50-quattro-np-e75-000-elektro-schwarz-cat_ma9mo75259/9a8c7dbd-c1c9-4d77-a051-3d06cfa2e99c,https://prod.pictures.autoscout24.net/listing-images/9a8c7dbd-c1c9-4d77-a051-3d06cfa2e99c_f44bf835-1ba5-49e3-94a6-ce4640c442c4.jpg/250x188.webp
gebrauchtwagen_at,real,BYD Atto 3,BYD Atto 3,new,33730,€ 33.730 inkl. MwSt,2026,0,420,60.0,16.6,SUV,7121 Weiden am See,https://www.gebrauchtwagen.at/fahrzeuge/byd-atto-3-my2025-comfort-neuwagen-aktion-lagernd-elektro-schwarz-cat_ma16379mo76436/34211cd4-a251-4cbe-b9e0-75263c4c4f87,https://prod.pictures.autoscout24.net/listing-images/34211cd4-a251-4cbe-b9e0-75263c4c4f87_260e41a7-3358-4975-8baf-617eeff6fa23.jpg/250x188.webp
gebrauchtwagen_at,real,Kia EV2,Kia EV2,new,23790,€ 23.790 inkl. MwSt,2026,5,308,42.2,15.0,Kleinwagen,4240 Freistadt,https://www.gebrauchtwagen.at/fahrzeuge/kia-ev2-5s-fwd-42-2kwh-air-elektro-grau-cat_ma39mo79273/8f74590a-1c57-4ddc-9b61-8aaec2e0db67,https://prod.pictures.autoscout24.net/listing-images/8f74590a-1c57-4ddc-9b61-8aaec2e0db67_d489f048-7f59-4618-b31f-3d3a5d8689eb.jpg/250x188.webp
gebrauchtwagen_at,real,Volkswagen ID.7 ID.7,Volkswagen ID.7,used,37990,€ 37.990 inkl. MwSt,2023,51497,587,77.0,14.1,Limousine,9220 Lind ob Velden,https://www.gebrauchtwagen.at/fahrzeuge/volkswagen-id-7-pro-77kwh-aut-matrix-360-cam-head-up-radar-elektro-blau-cat_ma74mo76490/0354aacf-be69-411f-98fb-6e9e1206fc49,https://prod.pictures.autoscout24.net/listing-images/0354aacf-be69-411f-98fb-6e9e1206fc49_cac759d2-9055-456c-aa59-b5223de1a067.jpg/250x188.webp
gebrauchtwagen_at,real,Audi e-tron e-tron,Audi e-tron,used,38950,€ 38.950 inkl. MwSt,2022,28600,440,95.0,24.0,SUV,8200 Gleisdorf - Hofstätten,https://www.gebrauchtwagen.at/fahrzeuge/audi-e-tron-50-quattro-s-line-black-edition-np-e-99-883-22-zoll-s-line-plus-sitze-mit-memory-matrix-led-head-up-bo-soun-elektro-schwarz-cat_ma9mo75259/ac48a1ac-8f34-42d5-a942-dcd106505cb7,https://prod.pictures.autoscout24.net/listing-images/ac48a1ac-8f34-42d5-a942-dcd106505cb7_5fe88786-e20d-4d6f-b0f5-94be1ef321ef.jpg/250x188.webp
gebrauchtwagen_at,real,CUPRA Born,CUPRA Born,used,26890,€ 26.890 inkl. MwSt,2024,26074,548,77.0,15.6,Kompakt,5400 Hallein,https://www.gebrauchtwagen.at/fahrzeuge/cupra-born-58-62-150kw-204ps-elektro-grau-cat_ma51802mo75976/30aab091-5123-44ed-a09b-d357967e2480,https://prod.pictures.autoscout24.net/listing-images/30aab091-5123-44ed-a09b-d357967e2480_3fd895b2-c750-4f1e-8c25-6e3078e97e1c.jpg/250x188.webp
gebrauchtwagen_at,real,Hyundai IONIQ 6,Hyundai IONIQ 6,used,35480,€ 35.480 inkl. MwSt,2025,10,614,77.4,13.9,Limousine,5202 Neumarkt am Wallersee,https://www.gebrauchtwagen.at/fahrzeuge/hyundai-ioniq-6-plus-line-77-4-kwh-4wd-i65p3-p1-o4-elektro-grau-cat_ma33mo76256/eacdd829-7132-4f2a-9a88-99661927babd,https://prod.pictures.autoscout24.net/listing-images/eacdd829-7132-4f2a-9a88-99661927babd_4bc39bc8-d9f8-4c0e-89ad-174a3eeaba31.jpg/250x188.webp
gebrauchtwagen_at,real,Audi A6 Limousine,Audi A6,used,64950,€ 64.950 inkl. MwSt,2025,17500,700,100.0,15.0,Limousine,3580 Horn,https://www.gebrauchtwagen.at/fahrzeuge/audi-a6-e-tron-quattro-elektro-blau-cat_ma9mo1628/5134dd42-2ef0-4b23-b9a5-9ef157c2e537,https://prod.pictures.autoscout24.net/listing-images/5134dd42-2ef0-4b23-b9a5-9ef157c2e537_8150bc53-c8ba-4cd3-96cf-767cf34b609a.jpg/250x188.webp
gebrauchtwagen_at,real,Ford Explorer,Ford Explorer,new,28790,€ 28.790 inkl. MwSt,2026,0,530,58.0,16.0,SUV,6850 Dornbirn,https://www.gebrauchtwagen.at/fahrzeuge/ford-explorer-elektro-58kwh-style-elektro-weiss-cat_ma29mo1769/3063a605-34ad-45f3-8a87-d4b9185a45fa,https://prod.pictures.autoscout24.net/listing-images/3063a605-34ad-45f3-8a87-d4b9185a45fa_34917353-d673-4098-991c-df5dabe528b3.jpg/250x188.webp
gebrauchtwagen_at,real,Jaguar I-Pace,Jaguar I-Pace,used,27490,€ 27.490 inkl. MwSt,2020,48000,,,,,1230 Wien,https://www.gebrauchtwagen.at/fahrzeuge/jaguar-i-pace-s-ev400-awd-elektro-schwarz-cat_ma37mo74787/a7321ff8-52b7-48e5-93da-68b81ba6007e,https://prod.pictures.autoscout24.net/listing-images/a7321ff8-52b7-48e5-93da-68b81ba6007e_e95dbcc0-07ad-4ab6-9f44-fe18742b1c96.jpg/250x188.webp
gebrauchtwagen_at,real,Porsche Macan Macan,Porsche Macan,used,87990,€ 87.990 inkl. MwSt,2025,7500,613,95.0,18.0,SUV,6020 Innsbruck,https://www.gebrauchtwagen.at/fahrzeuge/porsche-macan-4-elektro-schwarz-cat_ma57mo20311/a52fa02f-66e3-484e-89da-260bf1c96bda,https://prod.pictures.autoscout24.net/listing-images/a52fa02f-66e3-484e-89da-260bf1c96bda_a22190c9-a38e-44ab-a3c5-566d669dbf07.jpg/250x188.webp
gebrauchtwagen_at,real,Jeep Avenger Avenger Elektro,Jeep Avenger,used,31990,€ 31.990 inkl. MwSt,2024,16228,396,54.0,15.4,SUV,2111 Tresdorf,https://www.gebrauchtwagen.at/fahrzeuge/jeep-avenger-elektro-54kwh-156ps-altitude-elektro-schwarz-cat_ma38mo76401/932c1910-058a-4f19-b0c4-cf9f0f9f1218,https://prod.pictures.autoscout24.net/listing-images/932c1910-058a-4f19-b0c4-cf9f0f9f1218_d6555e46-bad9-4b53-bcee-e636f802b952.jpg/250x188.webp
gebrauchtwagen_at,real,Kia EV5,Kia EV5,used,52800,€ 52.800 inkl. MwSt,2026,3333,530,81.4,17.0,SUV,3631 Ottenschlag,https://www.gebrauchtwagen.at/fahrzeuge/kia-ev5-81-4kwh-akku-gt-line-elektro-weiss-cat_ma39mo77791/9906f308-4ec7-4e6d-a46f-fb11eddf5ccb,https://prod.pictures.autoscout24.net/listing-images/9906f308-4ec7-4e6d-a46f-fb11eddf5ccb_c27338ab-fbc0-469d-9c6f-7d3ed90cadd0.jpg/250x188.webp
gebrauchtwagen_at,real,Kia PV5 Passenger Cargo,Kia PV5 Passenger,new,42790,€ 42.790 inkl. MwSt,2026,15,412,71.2,17.2,,8051 Graz,https://www.gebrauchtwagen.at/fahrzeuge/kia-pv5-passenger-pv5-5s-earth-plus-71-2-kwh-tot-winkel-ass-v2x-elektro-grau-cat_ma39mo77576/de7bcaea-2989-4c5f-9281-17095080a367,https://prod.pictures.autoscout24.net/listing-images/de7bcaea-2989-4c5f-9281-17095080a367_37cbc1d4-5acc-41d7-ae13-8dd79fd397df.jpg/250x188.webp
gebrauchtwagen_at,real,Kia EV3,Kia EV3,new,49990,€ 49.990 inkl. MwSt,2026,15,436,81.0,14.9,SUV,8051 Graz,https://www.gebrauchtwagen.at/fahrzeuge/kia-ev3-gt-line-long-range-schiebedach-winterraeder-elektro-schwarz-cat_ma39mo76880/2b7deae2-a903-4ad8-b7d9-eb7f5f1670bf,https://prod.pictures.autoscout24.net/listing-images/2b7deae2-a903-4ad8-b7d9-eb7f5f1670bf_98f3f20c-335a-4ea6-b613-1454ab2bafd0.jpg/250x188.webp
gebrauchtwagen_at,real,BYD Seal Seal,BYD Seal,new,45480,€ 45.480 inkl. MwSt,2026,15,570,82.5,16.6,Limousine,5280 Braunau am Inn,https://www.gebrauchtwagen.at/fahrzeuge/byd-seal-design-oesterreich-paket-82-5-kwh-elektro-schwarz-cat_ma16379mo76534/b62c0108-4963-4340-98d1-d98ec35a417b,https://prod.pictures.autoscout24.net/listing-images/b62c0108-4963-4340-98d1-d98ec35a417b_8da4df20-81d2-4274-92ef-e2a9a8fffecc.jpg/250x188.webp
gebrauchtwagen_at,real,Kia EV4 EV4,Kia EV4,used,35490,€ 35.490 inkl. MwSt,2026,3000,625,81.4,13.9,Limousine,1220 Wien,https://www.gebrauchtwagen.at/fahrzeuge/kia-ev4-hb-earth-plus-81-4kwh-fwd-stahl-wien-22-elektro-schwarz-cat_ma39mo77724/480542d2-a313-4e63-9ce6-965f2700f7a6,https://prod.pictures.autoscout24.net/listing-images/480542d2-a313-4e63-9ce6-965f2700f7a6_b5e412ff-6143-40ee-bfc6-2e7a20299636.jpg/250x188.webp
gebrauchtwagen_at,real,smart #1,smart #1,used,41950,€ 41.950 inkl. MwSt,2025,10600,310,66.0,16.8,SUV,8051 Graz,https://www.gebrauchtwagen.at/fahrzeuge/smart-1-brabus-totw-pts-park-assist-cam-keyl-distr-elektro-silber-cat_ma15525mo76338/0f60041d-4544-40d9-a414-3ca16af02836,https://prod.pictures.autoscout24.net/listing-images/0f60041d-4544-40d9-a414-3ca16af02836_166e7b8c-c02f-4250-a4cc-a877310c15df.jpg/250x188.webp
gebrauchtwagen_at,real,Polestar 2 2 Polestar 2,Polestar 2,used,22500,€ 22.500 inkl. MwSt,2022,149000,420,82.0,19.2,Fastback,2103 Langenzersdorf,https://www.gebrauchtwagen.at/fahrzeuge/polestar-2-long-range-dual-88-soh-panorama-360-kamera-elektro-schwarz-cat_ma51817mo75397/3942fff5-2821-42cb-973b-2fd55e552dfc,https://prod.pictures.autoscout24.net/listing-images/3942fff5-2821-42cb-973b-2fd55e552dfc_ea2c2ed0-8fc0-4ca6-9d34-aa1708636e47.jpg/250x188.webp
gebrauchtwagen_at,real,Opel Combo Combo E Life,Opel Combo,used,19580,€ 19.580 inkl. MwSt,2023,45000,280,50.0,19.0,Van,8322 Studenzen,https://www.gebrauchtwagen.at/fahrzeuge/opel-combo-50-kwh-garantie-netto-16-317e-elektro-weiss-cat_ma54mo14825/b97abafa-81c6-4ccb-aa98-47c523d57c0b,https://prod.pictures.autoscout24.net/listing-images/b97abafa-81c6-4ccb-aa98-47c523d57c0b_339d38a1-7f03-47db-9039-cf1c23d1535c.jpg/250x188.webp
gebrauchtwagen_at,real,Audi e-tron e-tron,Audi e-tron,used,36880,€ 36.880 inkl. MwSt,2022,33100,440,95.0,24.0,SUV,8200 Gleisdorf,https://www.gebrauchtwagen.at/fahrzeuge/audi-e-tron-sb-quattro-s-line-black-np-e-94-807-matrix-led-21-zoll-teilleder-memory-sportsitze-head-up-ass-paket-tour-elektro-weiss-cat_ma9mo75259/cc5d6232-ed59-4d0f-9c42-65df8281a79f,https://prod.pictures.autoscout24.net/listing-images/cc5d6232-ed59-4d0f-9c42-65df8281a79f_2406c2a7-6eaa-4555-9364-2a2ed1567cd6.jpg/250x188.webp
gebrauchtwagen_at,real,Kia EV3,Kia EV3,new,42740,€ 42.740 inkl. MwSt,2026,18,603,81.4,14.9,SUV,8051 Graz,https://www.gebrauchtwagen.at/fahrzeuge/kia-ev3-earth-81-4-kwh-wapu-led-sitz-lenkradheiz-elektro-schwarz-cat_ma39mo76880/2c2a7a7e-d3db-4d0e-9331-684e531e0a75,https://prod.pictures.autoscout24.net/listing-images/2c2a7a7e-d3db-4d0e-9331-684e531e0a75_4f48ebf6-e900-4f6c-9d31-58c264c87196.jpg/250x188.webp
gebrauchtwagen_at,real,Polestar 4,Polestar 4,used,52900,€ 52.900 inkl. MwSt,2025,15100,590,100.0,17.0,SUV-Coupé,4623 Gunskirchen,https://www.gebrauchtwagen.at/fahrzeuge/polestar-4-long-range-100kwh-dual-motor-plus-elektro-schwarz-cat_ma51817mo76487/1d71a38e-c24a-4454-956e-04da16a77644,https://prod.pictures.autoscout24.net/listing-images/1d71a38e-c24a-4454-956e-04da16a77644_c6dfcf46-487f-4c4e-9e42-817181b52955.jpg/250x188.webp
gebrauchtwagen_at,real,BMW i3,BMW i3,used,20090,€ 20.090 inkl. MwSt,2021,33556,285,42.0,16.3,Kleinwagen,1140 Wien,https://www.gebrauchtwagen.at/fahrzeuge/bmw-i3-i3s-elektro-blau-cat_ma13mo20319/8e8693e6-72fa-4a7b-9032-b3565d6f43c8,https://prod.pictures.autoscout24.net/listing-images/8e8693e6-72fa-4a7b-9032-b3565d6f43c8_70117836-5593-4960-9a16-df309c92bda7.jpg/250x188.webp
gebrauchtwagen_at,real,Skoda Enyaq Enyaq,Skoda Enyaq,used,22990,€ 22.990 inkl. MwSt,2022,57771,397,62.0,16.9,SUV,1020 Wien,https://www.gebrauchtwagen.at/fahrzeuge/skoda-enyaq-60-loft-62kwh-aut-led-radar-navi-r-cam-pdc-elektro-weiss-cat_ma65mo75750/10e42fe7-b0ab-4339-8f84-a4aab5276183,https://prod.pictures.autoscout24.net/listing-images/10e42fe7-b0ab-4339-8f84-a4aab5276183_1627c706-12f4-474c-b084-2e9d52954483.jpg/250x188.webp
gebrauchtwagen_at,real,Audi e-tron e-tron,Audi e-tron,used,45880,€ 45.880 inkl. MwSt,2022,54700,440,95.0,24.0,SUV,8200 Gleisdorf - Hofstätten,https://www.gebrauchtwagen.at/fahrzeuge/audi-e-tron-s-sb-95-quattro-s-line-np-e-114-647-22-zoll-matrix-led-memory-sportsitze-bang-olufsen-elektro-grau-cat_ma9mo75259/0e38ba08-ad55-4355-8bc1-c4d317cbeb1a,https://prod.pictures.autoscout24.net/listing-images/0e38ba08-ad55-4355-8bc1-c4d317cbeb1a_6ed6bae2-b28d-443e-8bca-4605ad4b0cdc.jpg/250x188.webp
gebrauchtwagen_at,real,Peugeot e-2008 2008 Elektro,Peugeot e-2008,used,18350,€ 18.350 inkl. MwSt,2021,74316,345,50.0,16.0,SUV,8430 Leibnitz,https://www.gebrauchtwagen.at/fahrzeuge/peugeot-e-2008-allure-pack-50kwh-elektro-orange-cat_ma55mo76031/d9efcba1-656d-427f-bb88-22dbb0543ab0,https://prod.pictures.autoscout24.net/listing-images/d9efcba1-656d-427f-bb88-22dbb0543ab0_8f15bcd8-7b4c-47d6-9841-b2e610cf545b.jpg/250x188.webp
gebrauchtwagen_at,real,Audi Q4 e-tron Q4 e-tron,Audi Q4 e-tron,used,26590,€ 26.590 inkl. MwSt,2022,70474,516,82.0,20.0,SUV,8143 Dobl bei Lieboch,https://www.gebrauchtwagen.at/fahrzeuge/audi-q4-e-tron-40-82kwh-aut-led-navi-sitzhzg-assist-elektro-grau-cat_ma9mo75830/1b7ceaff-dbd1-4b29-a946-3be2e30bd23b,https://prod.pictures.autoscout24.net/listing-images/1b7ceaff-dbd1-4b29-a946-3be2e30bd23b_9c77585e-fdc4-4a02-9ffa-9044c6be56cf.jpg/250x188.webp
gebrauchtwagen_at,real,Volkswagen e-Golf E-Golf,Volkswagen e-Golf,used,13490,€ 13.490 inkl. MwSt,2019,142218,230,36.0,17.0,Kompakt,9500 Villach,https://www.gebrauchtwagen.at/fahrzeuge/volkswagen-e-golf-vw-e-golf-elektro-grau-cat_ma74mo75940/f35e2bd4-1c08-454a-b504-f362ba8c8b7e,https://prod.pictures.autoscout24.net/listing-images/f35e2bd4-1c08-454a-b504-f362ba8c8b7e_0048d412-0ab5-4ef4-98ca-5e1c215cf5c1.png/250x188.webp
gebrauchtwagen_at,real,Audi e-tron e-tron,Audi e-tron,used,23990,€ 23.990 inkl. MwSt,2020,66050,440,95.0,24.0,SUV,4664 Oberweis,https://www.gebrauchtwagen.at/fahrzeuge/audi-e-tron-50-quattro-elektro-weiss-cat_ma9mo75259/a5a5a82f-030d-4ac2-95d9-761d647089ce,https://prod.pictures.autoscout24.net/listing-images/a5a5a82f-030d-4ac2-95d9-761d647089ce_094354c1-6eac-4a04-a468-9bbf4beebcdd.jpg/250x188.webp
bmw_boerse_at,real,BMW iX xDrive50,BMW iX,used,79900,€ 79.900 inkl. MwSt,2023,29500,440,65.0,16.8,SUV,,https://www.bmw-boerse.at/suche/details/2686591,https://www.bmw-boerse.at/api/v2/ems/image/LG/2686591
bmw_boerse_at,real,BMW iX2 xDrive30,BMW iX2,used,48990,€ 48.990 inkl. MwSt,2024,20000,449,65.0,16.5,SUV-Coupé,,https://www.bmw-boerse.at/suche/details/2718871,https://www.bmw-boerse.at/api/v2/ems/image/LG/2718871
bmw_boerse_at,real,BMW iX2 xDrive30,BMW iX2,used,47980,€ 47.980 inkl. MwSt,2024,16000,449,65.0,16.5,SUV-Coupé,,https://www.bmw-boerse.at/suche/details/2742891,https://www.bmw-boerse.at/api/v2/ems/image/LG/2742891
bmw_boerse_at,real,BMW iX1 xDrive30,BMW iX1,used,44900,€ 44.900 inkl. MwSt,2023,15500,440,65.0,16.8,SUV,,https://www.bmw-boerse.at/suche/details/2801680,https://www.bmw-boerse.at/api/v2/ems/image/LG/2801680
bmw_boerse_at,real,BMW iX1 eDrive20,BMW iX1,used,51480,€ 51.480 inkl. MwSt,2025,10000,440,65.0,16.8,SUV,,https://www.bmw-boerse.at/suche/details/2868581,https://www.bmw-boerse.at/api/v2/ems/image/LG/2868581
bmw_boerse_at,real,BMW iX xDrive50,BMW iX,used,87665,€ 87.665 inkl. MwSt,2025,10000,440,65.0,16.8,SUV,,https://www.bmw-boerse.at/suche/details/2873608,https://www.bmw-boerse.at/api/v2/ems/image/LG/2873608
bmw_boerse_at,real,BMW iX1 xDrive30,BMW iX1,used,51900,€ 51.900 inkl. MwSt,2025,12000,440,65.0,16.8,SUV,,https://www.bmw-boerse.at/suche/details/2887608,https://www.bmw-boerse.at/api/v2/ems/image/LG/2887608
bmw_boerse_at,real,BMW iX2 xDrive30,BMW iX2,used,53500,€ 53.500 inkl. MwSt,2024,23500,449,65.0,16.5,SUV-Coupé,,https://www.bmw-boerse.at/suche/details/2895226,https://www.bmw-boerse.at/api/v2/ems/image/LG/2895226
bmw_boerse_at,real,BMW iX2 xDrive30,BMW iX2,used,58450,€ 58.450 inkl. MwSt,2025,15000,449,65.0,16.5,SUV-Coupé,,https://www.bmw-boerse.at/suche/details/2913878,https://www.bmw-boerse.at/api/v2/ems/image/LG/2913878
bmw_boerse_at,real,"BMW iX1 xDrive30 64,7kWh",BMW iX1,used,43990,€ 43.990 inkl. MwSt,2024,17000,440,65.0,16.8,SUV,,https://www.bmw-boerse.at/suche/details/2941149,https://www.bmw-boerse.at/api/v2/ems/image/LG/2941149
bmw_boerse_at,real,BMW iX1 eDrive20,BMW iX1,used,52480,€ 52.480 inkl. MwSt,2025,15000,440,65.0,16.8,SUV,,https://www.bmw-boerse.at/suche/details/2944901,https://www.bmw-boerse.at/api/v2/ems/image/LG/2944901
bmw_boerse_at,real,BMW iX1 eDrive20,BMW iX1,used,47990,€ 47.990 inkl. MwSt,2025,9000,440,65.0,16.8,SUV,,https://www.bmw-boerse.at/suche/details/2944927,https://www.bmw-boerse.at/api/v2/ems/image/LG/2944927
bmw_boerse_at,real,BMW iX1 eDrive20,BMW iX1,used,49980,€ 49.980 inkl. MwSt,2025,7000,440,65.0,16.8,SUV,,https://www.bmw-boerse.at/suche/details/2956309,https://www.bmw-boerse.at/api/v2/ems/image/LG/2956309
bmw_boerse_at,real,BMW iX1 xDrive30,BMW iX1,used,49890,€ 49.890 inkl. MwSt,2024,10000,440,65.0,16.8,SUV,,https://www.bmw-boerse.at/suche/details/2956801,https://www.bmw-boerse.at/api/v2/ems/image/LG/2956801
bmw_boerse_at,real,BMW iX1 xDrive30,BMW iX1,used,46770,€ 46.770 inkl. MwSt,2024,6000,440,65.0,16.8,SUV,,https://www.bmw-boerse.at/suche/details/2956808,https://www.bmw-boerse.at/api/v2/ems/image/LG/2956808
bmw_boerse_at,real,BMW iX1 xDrive30,BMW iX1,used,52990,€ 52.990 inkl. MwSt,2024,17000,440,65.0,16.8,SUV,,https://www.bmw-boerse.at/suche/details/2961325,https://www.bmw-boerse.at/api/v2/ems/image/LG/2961325
bmw_boerse_at,real,BMW iX1 eDrive20,BMW iX1,used,49980,€ 49.980 inkl. MwSt,2025,6500,440,65.0,16.8,SUV,,https://www.bmw-boerse.at/suche/details/2962023,https://www.bmw-boerse.at/api/v2/ems/image/LG/2962023
bmw_boerse_at,real,BMW iX1 eDrive20,BMW iX1,used,37990,€ 37.990 inkl. MwSt,2024,18500,440,65.0,16.8,SUV,,https://www.bmw-boerse.at/suche/details/2977066,https://www.bmw-boerse.at/api/v2/ems/image/LG/2977066
bmw_boerse_at,real,BMW iX1 eDrive20,BMW iX1,used,37990,€ 37.990 inkl. MwSt,2024,15500,440,65.0,16.8,SUV,,https://www.bmw-boerse.at/suche/details/2977067,https://www.bmw-boerse.at/api/v2/ems/image/LG/2977067
bmw_boerse_at,real,BMW iX1 eDrive20,BMW iX1,used,37990,€ 37.990 inkl. MwSt,2024,17000,440,65.0,16.8,SUV,,https://www.bmw-boerse.at/suche/details/2977068,https://www.bmw-boerse.at/api/v2/ems/image/LG/2977068
bmw_boerse_at,real,BMW iX1 xDrive30,BMW iX1,used,53990,€ 53.990 inkl. MwSt,2024,12500,440,65.0,16.8,SUV,,https://www.bmw-boerse.at/suche/details/2981066,https://www.bmw-boerse.at/api/v2/ems/image/LG/2981066
bmw_boerse_at,real,BMW iX2 xDrive30,BMW iX2,used,59980,€ 59.980 inkl. MwSt,2025,12000,449,65.0,16.5,SUV-Coupé,,https://www.bmw-boerse.at/suche/details/2982342,https://www.bmw-boerse.at/api/v2/ems/image/LG/2982342
bmw_boerse_at,real,BMW iX1 eDrive20,BMW iX1,used,42995,€ 42.995 inkl. MwSt,2025,9000,440,65.0,16.8,SUV,,https://www.bmw-boerse.at/suche/details/2984770,https://www.bmw-boerse.at/api/v2/ems/image/LG/2984770
bmw_boerse_at,real,BMW i5 M60 xDrive,BMW i5,used,77990,€ 77.990 inkl. MwSt,2025,12000,582,84.0,15.9,Limousine,,https://www.bmw-boerse.at/suche/details/2665134,https://www.bmw-boerse.at/api/v2/ems/image/LG/2665134
bmw_boerse_at,real,BMW i5 M60 xDrive,BMW i5,used,76900,€ 76.900 inkl. MwSt,2023,26500,582,84.0,15.9,Limousine,,https://www.bmw-boerse.at/suche/details/2665183,https://www.bmw-boerse.at/api/v2/ems/image/LG/2665183
bmw_boerse_at,real,BMW i5 M60 xDrive,BMW i5,used,62990,€ 62.990 inkl. MwSt,2023,40000,582,84.0,15.9,Limousine,,https://www.bmw-boerse.at/suche/details/2679202,https://www.bmw-boerse.at/api/v2/ems/image/LG/2679202
bmw_boerse_at,real,BMW i5 M60 xDrive,BMW i5,used,69950,€ 69.950 inkl. MwSt,2024,14500,582,84.0,15.9,Limousine,,https://www.bmw-boerse.at/suche/details/2778213,https://www.bmw-boerse.at/api/v2/ems/image/LG/2778213
bmw_boerse_at,real,BMW i5 xDrive40,BMW i5,used,68980,€ 68.980 inkl. MwSt,2025,9000,582,84.0,15.9,Limousine,,https://www.bmw-boerse.at/suche/details/2894041,https://www.bmw-boerse.at/api/v2/ems/image/LG/2894041
bmw_boerse_at,real,BMW i5 xDrive40,BMW i5,used,59990,€ 59.990 inkl. MwSt,2024,24000,582,84.0,15.9,Limousine,,https://www.bmw-boerse.at/suche/details/2938234,https://www.bmw-boerse.at/api/v2/ems/image/LG/2938234
bmw_boerse_at,real,BMW i5 xDrive40,BMW i5,used,59890,€ 59.890 inkl. MwSt,2024,13000,582,84.0,15.9,Limousine,,https://www.bmw-boerse.at/suche/details/2977179,https://www.bmw-boerse.at/api/v2/ems/image/LG/2977179
bmw_boerse_at,real,BMW i5 eDrive40,BMW i5,used,49980,€ 49.980 inkl. MwSt,2023,17500,582,84.0,15.9,Limousine,,https://www.bmw-boerse.at/suche/details/3012947,https://www.bmw-boerse.at/api/v2/ems/image/LG/3012947
bmw_boerse_at,real,BMW i5 eDrive40,BMW i5,used,59990,€ 59.990 inkl. MwSt,2025,7000,582,84.0,15.9,Limousine,,https://www.bmw-boerse.at/suche/details/3022810,https://www.bmw-boerse.at/api/v2/ems/image/LG/3022810
bmw_boerse_at,real,BMW i3,BMW i3,used,19890,€ 19.890 inkl. MwSt,2019,84000,285,42.0,16.3,Kleinwagen,,https://www.bmw-boerse.at/suche/details/2616963,https://www.bmw-boerse.at/api/v2/ems/image/LG/2616963
bmw_boerse_at,real,BMW i7 xDrive60,BMW i7,used,84990,€ 84.990 inkl. MwSt,2024,27500,,,,,,https://www.bmw-boerse.at/suche/details/2741358,https://www.bmw-boerse.at/api/v2/ems/image/LG/2741358
bmw_boerse_at,real,BMW i5 M60 xDrive,BMW i5,used,74900,€ 74.900 inkl. MwSt,2024,10000,582,84.0,15.9,Limousine,,https://www.bmw-boerse.at/suche/details/2749202,https://www.bmw-boerse.at/api/v2/ems/image/LG/2749202
bmw_boerse_at,real,BMW i5 M60 xDrive,BMW i5,used,81590,€ 81.590 inkl. MwSt,2025,23000,582,84.0,15.9,Limousine,,https://www.bmw-boerse.at/suche/details/2835792,https://www.bmw-boerse.at/api/v2/ems/image/LG/2835792
bmw_boerse_at,real,BMW i5 M60 xDrive,BMW i5,used,76900,€ 76.900 inkl. MwSt,2025,18500,582,84.0,15.9,Limousine,,https://www.bmw-boerse.at/suche/details/2906116,https://www.bmw-boerse.at/api/v2/ems/image/LG/2906116
bmw_boerse_at,real,BMW i5 eDrive40,BMW i5,used,60900,€ 60.900 inkl. MwSt,2025,16000,582,84.0,15.9,Limousine,,https://www.bmw-boerse.at/suche/details/2989261,https://www.bmw-boerse.at/api/v2/ems/image/LG/2989261
bmw_boerse_at,real,BMW i5 eDrive40,BMW i5,used,60990,€ 60.990 inkl. MwSt,2024,26000,582,84.0,15.9,Limousine,,https://www.bmw-boerse.at/suche/details/3001489,https://www.bmw-boerse.at/api/v2/ems/image/LG/3001489
bmw_boerse_at,real,BMW i5 eDrive40,BMW i5,used,59990,€ 59.990 inkl. MwSt,2024,23500,582,84.0,15.9,Limousine,,https://www.bmw-boerse.at/suche/details/3001490,https://www.bmw-boerse.at/api/v2/ems/image/LG/3001490
bmw_boerse_at,real,BMW i4 M50 xDrive,BMW i4,used,59900,€ 59.900 inkl. MwSt,2023,13500,590,84.0,16.1,Gran Coupé,,https://www.bmw-boerse.at/suche/details/2653658,https://www.bmw-boerse.at/api/v2/ems/image/LG/2653658
bmw_boerse_at,real,BMW i4 eDrive40,BMW i4,used,49900,€ 49.900 inkl. MwSt,2024,16500,590,84.0,16.1,Gran Coupé,,https://www.bmw-boerse.at/suche/details/2728335,https://www.bmw-boerse.at/api/v2/ems/image/LG/2728335
bmw_boerse_at,real,BMW i4 xDrive40,BMW i4,used,54590,€ 54.590 inkl. MwSt,2024,16000,590,84.0,16.1,Gran Coupé,,https://www.bmw-boerse.at/suche/details/2789589,https://www.bmw-boerse.at/api/v2/ems/image/LG/2789589
bmw_boerse_at,real,BMW i4 xDrive,BMW i4,used,64700,€ 64.700 inkl. MwSt,2025,12500,590,84.0,16.1,Gran Coupé,,https://www.bmw-boerse.at/suche/details/2868002,https://www.bmw-boerse.at/api/v2/ems/image/LG/2868002
bmw_boerse_at,real,BMW i4 xDrive40,BMW i4,used,54900,€ 54.900 inkl. MwSt,2025,18000,590,84.0,16.1,Gran Coupé,,https://www.bmw-boerse.at/suche/details/2914416,https://www.bmw-boerse.at/api/v2/ems/image/LG/2914416
bmw_boerse_at,real,BMW i4 xDrive40,BMW i4,used,57890,€ 57.890 inkl. MwSt,2025,17500,590,84.0,16.1,Gran Coupé,,https://www.bmw-boerse.at/suche/details/2921015,https://www.bmw-boerse.at/api/v2/ems/image/LG/2921015
bmw_boerse_at,real,BMW i4 xDrive40,BMW i4,used,59990,€ 59.990 inkl. MwSt,2024,27000,590,84.0,16.1,Gran Coupé,,https://www.bmw-boerse.at/suche/details/2928282,https://www.bmw-boerse.at/api/v2/ems/image/LG/2928282
bmw_boerse_at,real,BMW i4 xDrive40,BMW i4,used,67990,€ 67.990 inkl. MwSt,2024,15000,590,84.0,16.1,Gran Coupé,,https://www.bmw-boerse.at/suche/details/2928305,https://www.bmw-boerse.at/api/v2/ems/image/LG/2928305
bmw_boerse_at,real,BMW i4 Gran Coupe xDrive40,BMW i4,used,56900,€ 56.900 inkl. MwSt,2024,25000,590,84.0,16.1,Gran Coupé,,https://www.bmw-boerse.at/suche/details/2941148,https://www.bmw-boerse.at/api/v2/ems/image/LG/2941148
bmw_boerse_at,real,BMW i4 xDrive40,BMW i4,used,64890,€ 64.890 inkl. MwSt,2024,20000,590,84.0,16.1,Gran Coupé,,https://www.bmw-boerse.at/suche/details/2945042,https://www.bmw-boerse.at/api/v2/ems/image/LG/2945042
vw_austria_ev_leasing,real,ID.4,Volkswagen ID.4,,33290,€ 33.290,,,522,77.0,16.3,SUV,,https://www.volkswagen.at/id4/id4,https://groupcms-services-api.porsche-holding.com/dam/images/b1a62d025da2e2f517ceed2c3996c1709459be29/2eea97d9b00ebea5a138cd3197363236/3c5a2771-246f-4489-9a8d-2c6959f42e45/crop:100:100:CENTER:0:0/resize:3840:1743/ID4_frontside_neu
vw_austria_ev_leasing,real,ID.7,Volkswagen ID.7,,46990,€ 46.990,,,615,86.0,14.5,Limousine,,https://www.volkswagen.at/id7/id7,https://groupcms-services-api.porsche-holding.com/dam/images/822d1c61d67a41387472f7bfc81ea36cb1ee0ce4/b4e48386d82d0713000e9b5f7f3aee3c/8ab83416-ec17-4792-bcea-dcf02fb6c0ca/crop:100:100:CENTER:0:0/resize:3840:1743/ID7_frontside_neu
vw_austria_ev_leasing,real,ID.7 Tourer,Volkswagen ID.7 Tourer,,47790,€ 47.790,,,615,86.0,14.5,Limousine,,https://www.volkswagen.at/id7-tourer/id7-tourer,https://groupcms-services-api.porsche-holding.com/dam/images/f2a4744ff659563a1c7e7e80f5a5562a89630214/9adc3a7f3b9bf918b6b1158a4407dd64/abe2b9cd-2894-4160-9c90-0e0c642c18be/crop:100:100:CENTER:0:0/resize:3840:1743/ID7_Tourer_frontside_neu
