source,heading,text_excerpt
umweltfoerderung_private,Ich suche nach...,Förderungssuche
umweltfoerderung_private,Förderungssuche,Weitere Seiten
umweltfoerderung_private,Weitere Seiten,Gebäude Fahrzeuge & Ladeinfrastruktur Kreislaufwirtschaft Strom Wärme E-Ladeinfrastruktur für Private 2025 - eRide (Privatpersonen) Sie haben diese Förderung bereits einmal angesehen. #169 E-Ladeinfrastruktur für Betriebe 2025 - eRide (Betriebe) Sie haben diese Förderung bereits einmal angesehen. #161 E-Zweiräder für Betriebe 2025 - eRide (Betriebe) Sie haben diese Förderung bereits einmal angesehen. #183 E-Zweiräder für Private 2025 - eRide (Privatpersonen) Sie haben diese Förderung bereits einmal angesehen. #171 (E-)Transporträder und (E-)Falträder für Private 2025 (Privatpersonen) Sie haben
umweltfoerderung_private,Finden Sie Ihre Förderung! FSIF,Top Förderungen für Privatpersonen Mehr Informationen zu Top Förderungen für Privatpersonen Top Förderungen für Privatpersonen Kesseltausch Ein-Zweifamilienhaus und Reihenhaus 2026 Sie haben diese Förderung bereits einmal angesehen. Kesseltausch mehrgeschossiger Wohnbau 2026 Sie haben diese Förderung bereits einmal angesehen. Sauber Heizen für Alle 2026 Sie haben diese Förderung bereits einmal angesehen. E-Ladeinfrastruktur für Private 2025 - eRide Sie haben diese Förderung bereits einmal angesehen. Schließen
umweltfoerderung_private,Top Förderungen für Privatpersonen,Gebäude Mehr Informationen zu Gebäude Gebäude Unterkategorie Ein- und Zweifamilienhaus Kesseltausch Ein-Zweifamilienhaus und Reihenhaus 2026 Sie haben diese Förderung bereits einmal angesehen. Kesseltausch von Fossil auf Erneuerbare im Ein-Zweifamilienhaus Sie haben diese Förderung bereits einmal angesehen. Sanierungsbonus Ein-Zweifamilienhaus und Reihenhaus Sie haben diese Förderung bereits einmal angesehen. Sanierungsbonus Ein-Zweifamilienhaus und Reihenhaus 2026 Sie haben diese Förderung bereits einmal angesehen. Tausch erneuerbarer Heizungssysteme Sie haben diese Förderung bereits einmal a
umweltfoerderung_private,Gebäude,Wärme Mehr Informationen zu Wärme Wärme Unterkategorie Ein- und Zweifamilienhaus Kesseltausch Ein-Zweifamilienhaus und Reihenhaus 2026 Sie haben diese Förderung bereits einmal angesehen. Kesseltausch von Fossil auf Erneuerbare im Ein-Zweifamilienhaus Sie haben diese Förderung bereits einmal angesehen. Sanierungsbonus Ein-Zweifamilienhaus und Reihenhaus Sie haben diese Förderung bereits einmal angesehen. Sanierungsbonus Ein-Zweifamilienhaus und Reihenhaus 2026 Sie haben diese Förderung bereits einmal angesehen. Tausch erneuerbarer Heizungssysteme Sie haben diese Förderung bereits einmal angeseh
umweltfoerderung_private,Wärme,Fahrzeuge & Ladeinfrastruktur Mehr Informationen zu Fahrzeuge & Ladeinfrastruktur Fahrzeuge & Ladeinfrastruktur (E-)Transporträder und (E-)Falträder für Private 2025 Sie haben diese Förderung bereits einmal angesehen. E-Ladeinfrastruktur für Private 2025 - eRide Sie haben diese Förderung bereits einmal angesehen. E-Zweiräder für Private 2025 - eRide Sie haben diese Förderung bereits einmal angesehen. Zu allen vergangenen Förderungen Schließen
umweltfoerderung_private,Fahrzeuge & Ladeinfrastruktur,Strom Mehr Informationen zu Strom Strom Unterkategorie E-Mobilität (E-)Transporträder und (E-)Falträder für Private 2025 Sie haben diese Förderung bereits einmal angesehen. E-Ladeinfrastruktur für Private 2025 - eRide Sie haben diese Förderung bereits einmal angesehen. E-Zweiräder für Private 2025 - eRide Sie haben diese Förderung bereits einmal angesehen. Unterkategorie Photovoltaik Wiener Landesförderung Photovoltaik Mehrgeschoßwohnbauten (MGWB) Sie haben diese Förderung bereits einmal angesehen. Wiener Landesförderung Photovoltaik Dachgärten Sie haben diese Förderung bereits einmal angesehe
umweltfoerderung_private,Strom,Wasser Mehr Informationen zu Wasser Wasser Abwasserentsorgung Sie haben diese Förderung bereits einmal angesehen. Einzel-Abwasserentsorgung (bis 50 EW) Sie haben diese Förderung bereits einmal angesehen. Einzel-Abwasserentsorgung (für mehr als 50 EW oder in Extremlage) Sie haben diese Förderung bereits einmal angesehen. Einzel-Wasserversorgungsanlagen für bis zu vier Objekte Sie haben diese Förderung bereits einmal angesehen. Einzel-Wasserversorgungsanlagen für bis zu vier Objekte in Extremlagen Sie haben diese Förderung bereits einmal angesehen. Wasserversorgung Sie haben diese Förderung bere
umweltfoerderung_private,Wasser,Biodiversitätsfonds Mehr Informationen zu Biodiversitätsfonds Biodiversitätsfonds Biodiversitätsfonds Sie haben diese Förderung bereits einmal angesehen. Zu allen vergangenen Förderungen Schließen
econtrol_charging_info,Ladestellenverzeichnis - Technische Informationen,"Das Ladestellenverzeichnis verfügt über diverse Eingabemöglichkeiten und Schnittstellen. Diese Seite erläutert die verschiedenen Schnittstellen und Datenmeldemöglichkeiten zum Abfragen und Aktualisieren der verschiedenen Daten des Systems. Die Accounts zwischen dem öffentlichen Bereich ( https://www.ladestellen.at ) und dem nicht-öffentlichen Bereich (https://admin.ladestellen.at) können nicht untereinander getauscht werden, da die verschiedenen Systemteile durch das Berechtigungssystem voneinander abgetrennt sind."
econtrol_charging_info,Öffentliche Schnittstelle ( https://www.ladestellen.at/ ):,"Die Daten des Systems können nach vorheriger Registrierung über eine API abgefragt werden. Es stehen die gleichen Funktionalitäten wie auf der Webseite zur Verfügung. Eine Registrierung ist unter: möglich. Bei der Registrierung werden Sie aufgefordert eine oder mehrere Domains anzugeben. Diese müssen Sie neben den API-Key, welchen Sie nach der erfolgreichen Registrierung per Mail erhalten, bei einer Abfrage der API verwenden. Die Dokumentation der öffentlichen Schnittstelle finden Sie unter: Beispielabfrage: Eine Abfrage geht immer über GET Request: Im Header müssen API-Key und Referer URL mit"
econtrol_charging_info,Administrative Schnittstelle ( https://admin.ladestellen.at ),"Das System verfügt neben den klassischen Eingabemöglichkeiten via Web-Portal ( https://admin.ladestellen.at , ausschließlich für statische Daten) auch über diverse Schnittstellen. Grundsätzlich teilt sich die Datenmeldung in zwei unterschiedliche Meldungen: Statische Daten (Daten zu Ladepunkten und Ladestellen, Preisdaten, Standortdaten u.ä.) können via REST-Endpoints erstellt und aktualisiert werden. Dynamische Daten – hierzu zählen aktuell Statusmeldungen zu Ladepunkten – werden über RabbitMQ gemeldet. Die Dokumentation zur Schnittstelle findet sich unter https://api.e-control.at/charge/1.0/"
econtrol_charging_info,Tarifkalkulator,Berechnen Sie Ihr günstigstes Strom- und Gasangebot
econtrol_charging_info,Energie-Hotline,Rufen Sie uns kostenlos an oder schreiben Sie uns über unser Kontaktformular
econtrol_charging_info,Bereich Recht,"Gesetze, Verordnungen, TOR, SOMA, Begutachtungsentwürfe und behördliche Entscheidungen der E-Control."
econtrol_charging_info,Remit,"Neuigkeiten, relevante Dokumente, FAQ und Hinweise zu REMIT"
econtrol_charging_info,Stellenangebote,Werden Sie Teil unseres Teams!
econtrol_charging_info,Herkunftsnachweisdatenbank,Hier gelangen Sie zur Herkunftsnachweisdatenbank
econtrol_charging_info,Anlagenregister,Hier kommen Sie zum Anlagenregister für alle Stromerzeugungsanlagen.
